Country Rank,Country name,Regional indicator,Ladder score,Standard error of ladder score,upperwhisker,diff_whisker,lowerwhisker,Logged GDP per capita,Social support,Healthy life expectancy,Freedom to make life choices,Generosity,Perceptions of corruption,Ladder score in Dystopia,Explained by: Log GDP per capita,GDPRatio,Explained by: Social support,SocialRatio,Explained by: Healthy life expectancy,LifeExpectancyRatio,Explained by: Freedom to make life choices,FreedomRatio,Explained by: Generosity,GenerosityRatio,Explained by: Perceptions of corruption,CorruptionRatio,Dystopia + residual,(D+R) Ratio,Residual (+/-),Life Ladder 2018,Positive Affect 2018,Negative Affect 2018,Std. Dev. of Ladder Score 2018,"Gini of Household income reported in Gallup, by wp5-year 2018","GINI index (World Bank estimate), avg. 2000-16",Confidence in National Government 2018 ,Ladder score change from 2008-2012,Years missing from data set ,Total sample size 2017-2019,Most Recent Mode,Sample size 2019,Sample size 2018,Sample size 2017,Mode of interview 2019,Mode of interview 2018,Mode of interview 2017,Boolean Mode Change,Languages of interview 2019,Languages of interview 2018,Langauges of interview 2017,Avg. % of excluded population,% of excluded population 2019,% of excluded population 2018,% of excluded population 2018,Non-numeric exclusions,Notes 2019,Notes 2018,Notes 2017,2016 Suicide Rate (Both Genders),Notes on Suicide Data,"Mortality rate due to homicide (per 100,000 population) 2017",Domestic general government health expenditure (GGHE-D) as percentage of general government expenditure (GGE)z (%) 2017,Age-standardized prevalence of raised blood pressure among persons aged 18+ yearsaj (SBP of >140 mmHg and/or DBP >90 mmHg) 2015
1,Finland,Western Europe,7.808700085,0.031156305,7.869766235,0.122132301,7.747633934,10.63926697,0.954329729,71.9008255,0.949172199,-0.059482019,0.195444584,1.972316742,1.285189509,0.164584309,1.499525905,0.192032718,0.961271405,0.123102616,0.66231674,0.084817797,0.159670442,0.020447762,0.477857262,0.061195494,2.762835026,0.35381498,0.790518284,7.858107,0.781546,0.181781,1.425612,0.362294,0.275615,0.555102,0.348788738,0,3025,Mobile Telephone,1025,1000,1000,Mobile Telephone,Mobile Telephone,Mobile Telephone,,"Finnish, Swedish ","Finnish, Swedish ","Finnish, Swedish ",0,,,,,,,,15.9,,1.2,13,19.4
2,Denmark,Western Europe,7.645599842,0.033492286,7.711244583,0.131289482,7.579955101,10.77400112,0.955990791,72.40250397,0.951444268,0.066201776,0.168489456,1.972316742,1.326948524,0.173557151,1.503449202,0.196642413,0.979332566,0.128091005,0.665039897,0.086983351,0.242793396,0.031755964,0.495260328,0.064777171,2.432740688,0.31818834,0.460423946,7.648786,0.821423,0.206053,1.65106,0.479051,0.267,0.632478,-0.101243019,0,3025,Landline and Mobile Telephone,1025,1000,1000,Landline and Mobile Telephone,Landline and Mobile Telephone,Landline and Mobile Telephone,,Danish,Danish,Danish,0,,,,,,,,12.8,,1.1,16.6,20.6
3,Switzerland,Western Europe,7.559899807,0.035014171,7.628527641,0.137255668,7.491271973,10.97993279,0.942846596,74.10244751,0.921336651,0.105911039,0.303728431,1.972316742,1.39077425,0.183967286,1.472403407,0.194764937,1.040533185,0.137638489,0.62895447,0.083196138,0.269055754,0.035589857,0.407945901,0.053961813,2.35026741,0.31088605,0.377950668,7.508587,0.792226,0.19152,1.639632,0.320725,0.3281,0.849979,-0.090215206,0,3025,Landline and Mobile Telephone,1025,1000,1000,Landline and Mobile Telephone,Landline and Mobile Telephone,Landline and Mobile Telephone,,"German, French, Italian ","German, French, Italian ","German, French, Italian ",0,,,,,,,,17.2,,0.6,11,18
4,Iceland,Western Europe,7.504499912,0.059615862,7.621346951,0.233694077,7.387652874,10.77255917,0.974669576,73,0.948891878,0.246944219,0.711709738,1.972316742,1.326501608,0.176760827,1.547567487,0.206218603,1.000843406,0.13336577,0.661980748,0.088211174,0.362330228,0.048281729,0.144540772,0.019260547,2.460688114,0.32789502,0.488371372,,,,,,,,0.149420738,1,1004,Landline and Mobile Telephone,504,0,500,Landline and Mobile Telephone,,Landline and Mobile Telephone,,Icelandic,,Icelandic,0,,,,,,,,14,,1.4,15.7,19.7
5,Norway,Western Europe,7.487999916,0.034837384,7.55628109,0.136562348,7.419718742,11.08780384,0.952486575,73.20078278,0.955750287,0.13453263,0.263218194,1.972316742,1.42420733,0.190198631,1.495172501,0.199675817,1.008071899,0.134624988,0.670200884,0.089503324,0.287985086,0.038459547,0.434100568,0.057972833,2.168266296,0.28956548,0.195949554,7.444262,0.827414,0.211862,1.519595,0.336649,0.272231,0.679503,-0.167290211,1,2025,Landline and Mobile Telephone,1025,1000,0,Landline and Mobile Telephone,Landline and Mobile Telephone,,,Norwegian,Norwegian,,0,,,,,,,,12.2,,0.6,17.9,19.7
6,Netherlands,Western Europe,7.448900223,0.02779175,7.503372192,0.108943939,7.394428253,10.81271172,0.93913883,72.30091858,0.908547819,0.20761244,0.364717126,1.972316742,1.338946342,0.179750876,1.463645935,0.196491548,0.975675344,0.130982469,0.61362648,0.082378131,0.336317569,0.045149963,0.368569762,0.049479756,2.352117062,0.31576702,0.37980032,7.463097,0.861977,0.204794,1.234733,0.467998,0.286333,0.656541,-0.092902184,0,3032,Landline and Mobile Telephone,1029,1002,1001,Landline and Mobile Telephone,Landline and Mobile Telephone,Landline and Mobile Telephone,,Dutch,Dutch,Dutch,0,,,,,,,,12.6,,0.8,15.3,18.7
7,Sweden,Western Europe,7.353499889,0.036234196,7.424519062,0.142038345,7.282480717,10.75879383,0.926311195,72.60076904,0.939144194,0.111614622,0.250880182,1.972316742,1.322235227,0.179810328,1.433347702,0.194920476,0.986470461,0.134149789,0.650297701,0.088433768,0.272827893,0.037101774,0.442066371,0.060116459,2.246299267,0.30547349,0.273982525,7.374792,0.822676,0.160755,1.601522,0.38151,0.274154,0.494396,-0.090690136,0,3026,Landline and Mobile Telephone,1025,1001,1000,Landline and Mobile Telephone,Landline and Mobile Telephone,Landline and Mobile Telephone,,Swedish,Swedish,Swedish,0,,,,,,,,14.8,,1.1,18.7,19.3
8,New Zealand,North America and ANZ,7.299600124,0.039465468,7.376952648,0.154705047,7.222247601,10.50094318,0.949118972,73.20262909,0.936217487,0.191598073,0.22113885,1.972316742,1.242317915,0.170189859,1.48721838,0.203739706,1.008138299,0.138108702,0.646789908,0.088606211,0.325726211,0.044622473,0.461268276,0.063190897,2.128108025,0.29153762,0.155791283,7.370286,0.845363,0.167951,1.569916,0.388641,,0.642461,0.044360638,0,3044,Landline and Mobile Telephone,1042,1001,1001,Landline and Mobile Telephone,Landline and Mobile Telephone,Landline and Mobile Telephone,,English,English,English,0,,,,,,,,12.1,,1.1,19.3,16.2
9,Austria,Western Europe,7.294199944,0.033365164,7.359595776,0.130791665,7.228804111,10.7428236,0.928045869,73.00250244,0.899989486,0.085429221,0.499954879,1.972316742,1.317285538,0.18059356,1.437444925,0.197066839,1.000933528,0.13722321,0.603368878,0.082718994,0.255509764,0.035029169,0.281256139,0.038558874,2.398446083,0.32881551,0.426129341,7.396002,0.75235,0.226059,1.55194,0.299504,0.302692,0.488679,-0.037103176,0,3025,Landline and Mobile Telephone,1025,1000,1000,Landline and Mobile Telephone,Landline and Mobile Telephone,Landline and Mobile Telephone,,German,German,German,0,,,,,,,,15.6,,0.5,15.3,21
10,Luxembourg,Western Europe,7.237500191,0.030851794,7.297969818,0.120939255,7.177030563,11.45068073,0.906912208,72.59999847,0.90563643,-0.004620588,0.367084295,1.972316742,1.536676049,0.212321383,1.387528419,0.191713766,0.986442685,0.13629605,0.610137045,0.08430218,0.19595392,0.027074807,0.367041469,0.050713846,2.153700352,0.29757517,0.18138361,7.242631,0.750309,0.201894,1.344782,0.326442,0.316077,0.755201,0.196998119,0,3025,Landline and Mobile Telephone,1025,1000,1000,Landline and Mobile Telephone,Landline and Mobile Telephone,Landline and Mobile Telephone,,"French, German ","French, German ","French, German ",0,,,,,,,,13.5,,0.6,10.8,21.9
11,Canada,North America and ANZ,7.23210001,0.04040546,7.311294556,0.158389092,7.152905464,10.69236851,0.927176654,73.60160065,0.933913231,0.124770768,0.390843362,1.972316742,1.301647663,0.179981978,1.435391903,0.198475118,1.022501945,0.141383823,0.644028127,0.08905133,0.28152892,0.038927686,0.351701856,0.048630668,2.195269108,0.30354518,0.222952366,7.175497,0.823669,0.259398,1.764457,0.465442,0.3368,0.610467,-0.248027802,0,3045,Landline and Mobile Telephone,1031,1009,1005,Landline and Mobile Telephone,Landline and Mobile Telephone,Landline and Mobile Telephone,,"English, French ","English, French ","English, French ",0,,,,,,,,12.5,,1.8,19.3,13.2
12,Australia,North America and ANZ,7.222799778,0.041841116,7.30480814,0.164016724,7.140791416,10.72059631,0.944854617,73.60453796,0.915431738,0.19046016,0.41516912,1.972316742,1.310396433,0.181424998,1.477146268,0.20451159,1.022607684,0.141580511,0.621877193,0.086099188,0.324973613,0.044992748,0.335996419,0.046518861,2.129804134,0.29487238,0.157487392,7.176993,0.759019,0.187456,1.750283,0.429814,0.34275,0.468837,-0.103420734,0,3051,Landline and Mobile Telephone,1047,1001,1003,Landline and Mobile Telephone,Landline and Mobile Telephone,Landline and Mobile Telephone,,English,English,English,0,,,,,,,,13.2,,1,17.8,15.2
13,United Kingdom,Western Europe,7.164500237,0.037161909,7.237337589,0.145674705,7.091662884,10.60013485,0.93668282,72.30160522,0.834743679,0.263732493,0.435915917,1.972316742,1.273061037,0.177690138,1.457844973,0.20348174,0.97570008,0.136185365,0.525168657,0.073301506,0.373433441,0.052122748,0.322601646,0.045027795,2.236721992,0.31219512,0.26440525,7.233445,0.783172,0.228276,1.69895,0.417473,0.341083,0.42086,0.276983261,0,3025,Landline and Mobile Telephone,1025,1000,1000,Landline and Mobile Telephone,Landline and Mobile Telephone,Landline and Mobile Telephone,,English,English,English,0,,,,,,,,8.9,,1.5,18.7,15.2
14,Israel,Middle East and North Africa,7.128600121,0.042515181,7.211929798,0.166659355,7.045270443,10.41752529,0.913571239,73.20025635,0.747580588,0.10259372,0.78085506,1.972316742,1.216463685,0.170645521,1.403256774,0.196848855,1.008052945,0.141409664,0.420699477,0.059015721,0.266861796,0.037435372,0.09989845,0.014013754,2.713358402,0.38062991,0.74104166,6.927179,0.66349,0.282063,1.734907,0.261862,0.4112,0.42233,-0.17511797,0,3105,Face-to-Face,1095,1010,1000,Face-to-Face,Face-to-Face,Face-to-Face,,"Hebrew, Russian, Arabic ","Hebrew, Russian, Arabic ","Hebrew, Russian, Arabic ",0,,,,,The sample does not include the area of East Jerusalem. This area included in the sample of Palestinian Territories.,The sample does not include the area of East Jerusalem. This area included in the sample of Palestinian Territories.,The sample does not include the area of East Jerusalem. This area included in the sample of Palestinian Territories.,5.4,,1.5,11.9,16.6
15,Costa Rica,Latin America and Caribbean,7.121399879,0.044816118,7.209239483,0.175679207,7.033560276,9.658156395,0.901545942,71.29985046,0.934738934,-0.10242971,0.786332428,1.972316742,0.981107712,0.13776894,1.374853611,0.193059459,0.939635336,0.131945313,0.645017743,0.090574572,0.131266311,0.018432656,0.096362092,0.013531341,2.953135014,0.41468462,0.980818272,7.141075,0.870098,0.325867,2.14597,0.786517,0.490882,0.479978,-0.126995087,0,3000,Face-to-Face (HH)*,1000,1000,1000,Face-to-Face (HH)*,Face-to-Face (HH)*,Face-to-Face (HH)*,,Spanish,Spanish,Spanish,0,,,,,,,,7.9,,12.2,26.9,18.7
16,Ireland,Western Europe,7.093699932,0.039863452,7.171832085,0.156264305,7.01556778,11.16097832,0.942081571,72.30078888,0.886982977,0.145784974,0.357184172,1.972316742,1.446886778,0.203967858,1.470596433,0.207310211,0.975670695,0.137540452,0.587779939,0.082859431,0.295426995,0.04164639,0.373433262,0.052642946,1.943878174,0.27402881,-0.028438568,6.962336,0.810857,0.21305,1.863788,0.366411,0.326154,0.618405,-0.088851452,0,3025,Landline and Mobile Telephone,1025,1000,1000,Landline and Mobile Telephone,Landline and Mobile Telephone,Landline and Mobile Telephone,,English,English,English,0,,,,,,,,11.5,,0.9,20,19.7
17,Germany,Western Europe,7.075799942,0.035609804,7.145595074,0.139590264,7.00600481,10.7328186,0.898874462,72.20201874,0.867371082,0.080179386,0.456422031,1.972316742,1.314184546,0.185729466,1.368543744,0.193411876,0.972114801,0.137385852,0.564274132,0.079747044,0.252037704,0.035619676,0.309362292,0.043721176,2.295249462,0.32438021,0.32293272,7.118364,0.78028,0.243215,1.623589,0.283513,0.306222,0.592991,0.422133923,0,3025,Landline and Mobile Telephone,1025,1000,1000,Landline and Mobile Telephone,Landline and Mobile Telephone,Landline and Mobile Telephone,,German,German,German,0,,,,,,,,13.6,,1,19.9,19.9
18,United States,North America and ANZ,6.939599991,0.047316168,7.032339573,0.185479164,6.846860409,10.92576885,0.914219022,68.29949951,0.842619538,0.149891734,0.699715316,1.972316742,1.37398684,0.197992225,1.404786706,0.202430501,0.831618011,0.119836592,0.534608245,0.077037329,0.298143059,0.042962571,0.152284741,0.021944311,2.344124794,0.33778961,0.371808052,6.882685,0.815383,0.292226,2.119374,0.701418,0.408167,0.313816,-0.187425613,0,3043,Landline and Mobile Telephone,1026,1004,1013,Landline and Mobile Telephone,Landline and Mobile Telephone,Landline and Mobile Telephone,,"English, Spanish ","English, Spanish ","English, Spanish ",0,,,,,,,,15.3,,6.3,22.5,12.9
19,Czech Republic,Central and Eastern Europe,6.910900116,0.042891297,6.994966984,0.168133736,6.826833248,10.40416336,0.914430678,70.04793549,0.818537354,-0.230861515,0.85844624,1.972316742,1.212322354,0.175421773,1.40528667,0.203343508,0.89456445,0.129442538,0.505744576,0.07318071,0.046325929,0.006703313,0.049803223,0.007206474,2.796808243,0.40469522,0.824491501,7.034165,0.7137,0.178068,1.674934,0.254286,0.264167,0.420783,0.620377064,1,2000,Face-to-Face (HH)*,0,1000,1000,,Face-to-Face (HH)*,Face-to-Face (HH)*,,,Czech,Czech,0,,,,,,,,13.1,,0.7,15.2,27.9
20,Belgium,Western Europe,6.863500118,0.034370355,6.930866241,0.134732246,6.796133995,10.6736393,0.911632538,72.00164795,0.813582063,-0.078691199,0.612297952,1.972316742,1.295842767,0.188802032,1.398677588,0.203784886,0.964901149,0.140584415,0.499805421,0.072820778,0.146966159,0.021412713,0.208724052,0.03041073,2.348626614,0.3421908,0.376309872,6.892172,0.749563,0.250297,1.548091,0.299525,0.284308,0.441945,-0.140722275,0,3037,Landline and Mobile Telephone,1025,1011,1001,Landline and Mobile Telephone,Landline and Mobile Telephone,Landline and Mobile Telephone,,"French, Dutch ","French, Dutch ","French, Dutch ",0,,,,,,,,20.7,,1.4,15.3,17.5
21,United Arab Emirates,Middle East and North Africa,6.790800095,0.040698379,6.870568752,0.159537315,6.711031437,11.1099987,0.849181116,67.08278656,0.941345513,0.123450845,0.594502211,1.972316742,1.431086421,0.210739,1.251170993,0.184245004,0.787814438,0.11601202,0.652936101,0.096150099,0.28065598,0.041328853,0.220213518,0.032428214,2.166965961,0.31910319,0.194649219,6.603744,0.787243,0.302042,2.214762,0.721079,,,-0.28381443,0,5125,Landline and Mobile Telephone,1413,1857,1855,Landline and Mobile Telephone,Landline and Mobile Telephone,Landline and Mobile Telephone,,"Arabic, English ","Arabic, English ","Arabic, English ",0,,,,Langauge,"Includes only Emiratis, Arab expatriates and non Arabs who were able to complete the interview in Arabic or English ","Includes only Emiratis, Arab expatriates and non Arabs who were able to complete the interview in Arabic or English ","Includes only Emiratis, Arab expatriates and non Arabs who were able to complete the interview in Arabic or English ",2.8,,0.7,7.9,21.1
22,Malta,Western Europe,6.772799969,0.042958103,6.856997967,0.168395996,6.688601971,10.53383827,0.93037951,72.19999695,0.924911439,0.214965805,0.658547282,1.972316742,1.252513289,0.184932863,1.442956924,0.213051756,0.972042024,0.143521443,0.633239031,0.093497377,0.341180831,0.050375152,0.178864077,0.026409178,1.952012062,0.28821345,-0.02030468,6.909711,0.721224,0.295699,1.81986,0.385407,0.2911,0.757714,0.756295204,0,3041,Landline and Mobile Telephone,1027,1010,1004,Landline and Mobile Telephone,Landline and Mobile Telephone,Landline and Mobile Telephone,,"Maltese, English ","Maltese, English ","Maltese, English ",0,,,,,,,,7.5,,0.9,16.5,19.4
23,France,Western Europe,6.663799763,0.037576791,6.737450123,0.14730072,6.590149403,10.58422279,0.937103748,73.80193329,0.825467646,-0.130641967,0.583521128,1.972316742,1.268129349,0.190301239,1.458839178,0.21892002,1.029714227,0.154523585,0.514050901,0.077140808,0.112607703,0.016898422,0.227303237,0.034110154,2.053198338,0.30811225,0.080881596,6.665904,0.767313,0.282451,1.599049,0.360966,0.320923,0.380547,-0.061126232,0,3025,Landline and Mobile Telephone,1025,1000,1000,Landline and Mobile Telephone,Landline and Mobile Telephone,Landline and Mobile Telephone,,French,French,French,0,,,,,,,,17.7,,1.3,15.5,22
24,Mexico,Latin America and Caribbean,6.465000153,0.048122469,6.559319973,0.188639641,6.370680332,9.797797203,0.838665426,68.29902649,0.858709276,-0.175266623,0.806821585,1.972316742,1.024387479,0.158451269,1.226333499,0.189688085,0.831601024,0.128631246,0.553892553,0.085675567,0.083094485,0.012852975,0.083133668,0.012859036,2.662540197,0.41183915,0.690223455,6.549579,0.881713,0.213254,2.32633,0.456425,0.4698,0.294568,-0.558391094,0,3035,Face-to-Face (HH)*,1001,1034,1000,Face-to-Face (HH)*,Face-to-Face (HH)*,Face-to-Face,Y,Spanish,Spanish,Spanish,0,,,,,,,,5.1,,25.7,11,19.7
25,Taiwan Province of China,East Asia,6.45539999,0.039139576,6.532113552,0.153427124,6.378686428,10.77568531,0.894309103,69.59999847,0.77153033,-0.073198698,0.73188293,1.972316742,1.327470541,0.205637225,1.357760668,0.21032944,0.878437996,0.136078012,0.449404389,0.069616815,0.150598705,0.023329105,0.131516352,0.020373076,2.160238743,0.33464057,0.187922001,6.467005,0.848399,0.092696,1.690886,0.330178,,0.311723,0.402370453,0,3030,Landline and Mobile Telephone,1030,1000,1000,Landline and Mobile Telephone,Landline and Mobile Telephone,Landline and Mobile Telephone,,Chinese,Chinese,Chinese,0,,,,,,,,,,,,
26,Uruguay,Latin America and Caribbean,6.440100193,0.045419082,6.529121399,0.178042412,6.351078987,9.948192596,0.92281127,69.00254822,0.892395437,-0.101103112,0.635994136,1.972316742,1.071000457,0.166301831,1.425081134,0.221282448,0.856928885,0.133061421,0.59426707,0.09227606,0.132143691,0.020518887,0.193425074,0.030034482,2.167276382,0.33652836,0.19495964,6.371715,0.87692,0.274946,2.217172,0.437542,0.427364,0.361706,0.236702442,0,3080,Face-to-Face (HH)*,1080,1000,1000,Face-to-Face (HH)*,Face-to-Face (HH)*,Face-to-Face (HH)*,,Spanish,Spanish,Spanish,0,,,,,,,,18.4,,8.1,19.8,20.7
27,Saudi Arabia,Middle East and North Africa,6.406499863,0.056533612,6.517305851,0.221611977,6.295693874,10.79781246,0.874067068,66.30514526,0.854191244,-0.168695062,0.682619512,1.972316742,1.334328532,0.208277306,1.309950113,0.204472043,0.759818137,0.118601132,0.548477471,0.085612656,0.087440684,0.013648745,0.163322315,0.025493221,2.203118801,0.34388806,0.230802059,6.356393,0.764405,0.28838,2.324451,0.472084,,,-0.037445068,0,3050,Landline and Mobile Telephone,1045,1003,1002,Landline and Mobile Telephone,Landline and Mobile Telephone,Landline and Mobile Telephone,,"Arabic, English, Urdu ","Arabic, English, Urdu ","Arabic, English ",0,,,,Language,"Includes Saudis, Arab expatriates, and non-Arabs who were able to complete the interview in Arabic, English, or Urdu. ","Includes Saudis, Arab expatriates, and non-Arabs who were able to complete the interview in Arabic, English, or Urdu. ","Includes Saudis, Arab expatriates, and non-Arabs who were able to complete the interview in Arabic or English. ",3.2,,1.5,,23.3
28,Spain,Western Europe,6.400899887,0.04230037,6.483808517,0.16581726,6.317991257,10.46292686,0.921125412,74.40270996,0.751989543,-0.050961714,0.765859902,1.972316742,1.230535269,0.192244105,1.421099186,0.222015531,1.051343083,0.164249262,0.425983816,0.066550614,0.16530548,0.02582535,0.109579779,0.017119433,1.997088432,0.3120012,0.02477169,6.513371,0.659188,0.357191,1.667077,0.359144,0.345385,0.285196,-0.061211109,0,3025,Landline and Mobile Telephone,1025,1000,1000,Landline and Mobile Telephone,Landline and Mobile Telephone,Landline and Mobile Telephone,,Spanish,Spanish,Spanish,0,,,,,,,,8.7,,0.7,15.3,19.2
29,Guatemala,Latin America and Caribbean,6.398900032,0.058398303,6.5133605,0.228920936,6.284439564,8.924805641,0.816621482,64.8089447,0.908147573,-0.042938665,0.783237457,1.972316742,0.753815711,0.117803952,1.174267054,0.183510767,0.705952585,0.110324053,0.613146722,0.095820644,0.170611665,0.026662655,0.0983603,0.015371439,2.882723093,0.45050291,0.910406351,6.626592,0.871362,0.262411,2.840461,0.634369,0.523667,0.457064,0.245809078,0,3100,Face-to-Face (HH)*,1100,1000,1000,Face-to-Face (HH)*,Face-to-Face (HH)*,Face-to-Face (HH)*,,Spanish,Spanish,Spanish,0,,,,,,,,2.7,,24.7,17.2,21.2
30,Italy,Western Europe,6.38740015,0.043288074,6.47224474,0.169689179,6.302555561,10.48183632,0.889878571,73.60168457,0.66465199,-0.043460999,0.873404682,1.972316742,1.236396074,0.193567969,1.347296,0.210930264,1.022504926,0.160081551,0.321305573,0.050303029,0.170266211,0.026656575,0.040145598,0.006285123,2.249505997,0.35217866,0.277189255,6.516527,0.649023,0.402975,1.522745,0.457491,0.344,0.206626,0.187767506,0,3025,Landline and Mobile Telephone,1025,1000,1000,Landline and Mobile Telephone,Landline and Mobile Telephone,Landline and Mobile Telephone,,Italian,Italian,Italian,0,,,,,,,,8.2,,0.7,13.4,21.2
31,Singapore,Southeast Asia,6.377099991,0.033258967,6.442287445,0.130374908,6.311912537,11.39552116,0.910268962,76.80458069,0.926645339,0.029879224,0.109784193,1.972316742,1.519580126,0.238287016,1.39545691,0.218823119,1.137814283,0.178421898,0.635317206,0.099624784,0.218770906,0.034305704,0.533162236,0.083605751,0.937031746,0.14693697,-1.035284996,6.374564,0.787093,0.106871,1.577076,0.399788,,0.892469,-0.140033245,0,3040,Face-to-Face and Face- to-Face (HH)*,1040,1000,1000,Face-to-Face (HH)*,Face-to-Face (HH)*,Face-to-Face,Y,"English, Chinese ","English, Chinese ","English, Chinese, Bahasa Malay ",0.12,0.12,0.12,0.12,,Some condominiums were excluded due to restricted access. This exclusion represents no more than 12% of the population.,Some condominiums were excluded due to restricted access. This exclusion represents no more than 12% of the population.,Some condominiums were excluded due to restricted access. This exclusion represents no more than 12% of the population.,9.9,,0.3,12.6,14.6
32,Brazil,Latin America and Caribbean,6.375599861,0.040790688,6.455549717,0.159899712,6.295650005,9.56643486,0.896723807,66.48016357,0.799804807,-0.101812392,0.770601273,1.972316742,0.952679873,0.14942592,1.363464117,0.213856601,0.766119063,0.120164232,0.483292729,0.075803491,0.131674588,0.020652894,0.106518604,0.016707229,2.571860313,0.40339111,0.599543571,6.190922,0.749728,0.349656,2.637867,0.420397,0.547286,0.168187,-0.472177506,0,5001,Face-to-Face (HH)*,3001,1000,1000,Face-to-Face (HH)*,Face-to-Face (HH)*,Face-to-Face (HH)*,,Portuguese,Portuguese,Portuguese,0.06666666667,0.1,0.1,0,,People living in indigenous lands and dangerous areas where the safety of interviewers was threatened were excluded. The excluded areas represent approximately 1% of the adult population.,People living in indigenous lands and dangerous areas where the safety of interviewers was threatened were excluded. The excluded areas represent approximately 1% of the adult population.,,6.5,,33.3,10.3,23.3
33,Slovenia,Central and Eastern Europe,6.363399982,0.043841314,6.449328899,0.171857833,6.277471066,10.39232254,0.939575672,71.1029892,0.936142623,-0.080603383,0.817071021,1.972316742,1.208652496,0.189938162,1.464677691,0.230172187,0.932548046,0.146548708,0.646700144,0.101628083,0.145701498,0.0228968,0.076516323,0.01202444,1.888586521,0.29678891,-0.083730221,6.249419,0.643972,0.275485,1.946574,0.349004,0.2495,0.239275,0.336062431,0,3025,Landline and Mobile Telephone,1025,1000,1000,Landline and Mobile Telephone,Landline and Mobile Telephone,Landline and Mobile Telephone,,Slovene,Slovene,Slovene,0,,,,,,,,18.6,,1,13.6,30.5
34,El Salvador,Latin America and Caribbean,6.34829998,0.058248438,6.462466717,0.228333473,6.234133244,8.909075737,0.806092262,66.10826111,0.833805263,-0.121072978,0.754319906,1.972316742,0.748940408,0.117974956,1.149397612,0.18105597,0.752730012,0.118571903,0.524043918,0.082548701,0.1189363,0.018735142,0.117030352,0.018434912,2.937191725,0.46267374,0.964874983,6.276246,0.871536,0.265371,2.516374,0.444247,0.457824,0.323992,0.454627514,0,3080,Face-to-Face (HH)*,1080,1000,1000,Face-to-Face (HH)*,Face-to-Face (HH)*,Face-to-Face (HH)*,,Spanish,Spanish,Spanish,0,,,,,,,,13.7,,82.3,19.2,18.7
35,Kosovo,Central and Eastern Europe,6.325200081,0.052216277,6.427544117,0.204688072,6.222856045,9.204429626,0.820726514,63.88555527,0.861535907,0.190933764,0.922328293,1.972316742,0.840481341,0.132878222,1.183962822,0.187181877,0.672709167,0.106353816,0.557280421,0.088104789,0.325286865,0.051427127,0.008559024,0.001353163,2.736902714,0.4326982,0.764585972,6.391826,0.778271,0.170248,2.563801,0.402302,0.289909,0.347547,0.912786484,0,3088,Face-to-Face (HH)*,1088,1000,1000,Face-to-Face (HH)*,Face-to-Face (HH)*,Face-to-Face (HH)*,,"Albanian, Serbian ","Albanian, Serbian ","Albanian, Serbian ",0,,,,,,,,,,,,
36,Panama,Latin America and Caribbean,6.304800034,0.059724931,6.421860695,0.234121323,6.187739372,10.03423405,0.902094483,69.60301208,0.880366504,-0.153927714,0.851588905,1.972316742,1.097667813,0.174100337,1.376149297,0.218270094,0.878546536,0.139345662,0.57984978,0.091969575,0.097207308,0.015417984,0.054230526,0.008601466,2.221176147,0.35229922,0.248859405,6.281434,0.883581,0.222599,2.532861,0.570102,0.532647,0.277478,-0.773819923,0,3080,Face-to-Face (HH)*,1080,1000,1000,Face-to-Face (HH)*,Face-to-Face (HH)*,Face-to-Face (HH)*,,Spanish,Spanish,Spanish,0,,,,,,,,4.3,,14.3,20.1,19.9
37,Slovakia,Central and Eastern Europe,6.280600071,0.03889757,6.35683918,0.152478218,6.204360962,10.34774971,0.922493756,68.90634155,0.749952674,-0.124409303,0.918096125,1.972316742,1.194837689,0.1902426,1.424331188,0.22678266,0.853465259,0.135889127,0.423542529,0.067436634,0.116729774,0.018585768,0.011291441,0.001797828,2.256422043,0.35926854,0.284105301,6.235111,0.754105,0.25319,1.77507,0.274585,0.26725,0.327659,0.311364174,0,3080,Face-to-Face (HH)*,1080,1000,1000,Face-to-Face (HH)*,Face-to-Face (HH)*,Face-to-Face (HH)*,,"Hungarian, Slovak ","Hungarian, Slovak ","Hungarian, Slovak ",0,,,,,,,,12.8,,1.3,13.3,28.5
38,Uzbekistan,Commonwealth of Independent States,6.257599831,0.05422755,6.36388588,0.212572098,6.151313782,8.740371704,0.926595807,65.10757446,0.974998116,0.248427153,0.501497388,1.972316742,0.696652949,0.111329099,1.434020042,0.229164549,0.716703713,0.114533325,0.693270326,0.110788536,0.363311023,0.058059165,0.280260265,0.044787182,2.073346615,0.33133257,0.101029873,6.20546,0.825422,0.20866,2.426438,0.384974,0.348,0.969356,0.767776012,0,3080,Face-to-Face (HH)*,1080,1000,1000,Face-to-Face (HH)*,Face-to-Face (HH)*,Face-to-Face (HH)*,,"Uzbek, Russian ","Uzbek, Russian ","Uzbek, Russian ",0,,,,,,,,7.4,,1.7,10.2,25.6
39,Chile,Latin America and Caribbean,6.228499889,0.045723889,6.318118572,0.179237365,6.138881207,10.0320549,0.879713595,69.90061951,0.744896293,-0.065668367,0.838239431,1.972316742,1.096992493,0.176124671,1.323286891,0.212456758,0.889260828,0.142772874,0.417482227,0.067027733,0.155579001,0.024978567,0.06284935,0.010090608,2.283012867,0.36654297,0.310696125,6.436221,0.832562,0.27582,2.152998,0.434313,0.491571,0.334744,-0.168074608,0,3100,Face-to-Face (HH)*,1060,1000,1040,Face-to-Face (HH)*,Face-to-Face (HH)*,Face-to-Face (HH)*,,Spanish,Spanish,Spanish,0.03346666667,0,0.1,0.0004,,,A few remote and sparsely populated municipalities were excluded due to difficulties of access. The excluded areas represent less than 1% of the population.,"Remote areas Antartica, Easter Island and Juan Ferna_ndez Island are excluded. The excluded portion for approximately 0.04% of the population of the country. ",10.6,,4,17.7,20.9
40,Bahrain,Middle East and North Africa,6.227300167,0.081882261,6.387789249,0.320978164,6.066811085,10.67638016,0.876342118,68.5,0.905855775,0.13372919,0.7393471,1.972316742,1.296692252,0.208227035,1.31532371,0.211218935,0.838836372,0.134703057,0.610399902,0.09801999,0.287453711,0.046160247,0.126697257,0.020345455,1.751917362,0.28132856,-0.22039938,,,,,,,,0.800364971,1,2124,Landline and Mobile Telephone,1060,0,1064,Landline and Mobile Telephone,,Landline and Mobile Telephone,,"Arabic, English",,"Arabic, English",0,,,,Language,"Includes only Bahrainis, Arab expatriates and non-Arabs who were able to complete the interview in Arabic or English ",,"Includes only Bahrainis, Arab expatriates and non-Arabs who were able to complete the interview in Arabic or English ",5.9,,0.2,8.5,21.4
41,Lithuania,Central and Eastern Europe,6.215499878,0.044193108,6.302118301,0.173236847,6.128881454,10.34362602,0.926107109,67.29407501,0.747381449,-0.219725296,0.809583843,1.972316742,1.193559647,0.19202955,1.432865739,0.230531054,0.795421183,0.127973807,0.42046079,0.06764714,0.053691041,0.00863825,0.081350274,0.013088291,2.238146067,0.36009108,0.265829325,6.308879,0.516805,0.21356,1.95395,0.330166,0.355,0.323758,0.767861366,0,3080,Face-to-Face (HH)*,1080,1000,1000,Face-to-Face (HH)*,Face-to-Face (HH)*,Face-to-Face (HH)*,,Lithuanian,Lithuanian,Lithuanian,0.03,0.09,0,0,,People living in very small settlements (with less than 100 inhabitants) were excluded from survey. These excluded areas represent approximately 9% of the population.,,,31.9,,5.1,12.8,29.3
42,Trinidad and Tobago,Latin America and Caribbean,6.191899776,0.114448458,6.416218758,0.448637963,5.967580795,10.26000214,0.91529417,63.5,0.857907116,0.000526841,0.912230611,1.972316742,1.167641521,0.188575649,1.407326221,0.227285045,0.658828557,0.106401683,0.55293113,0.089299109,0.199358255,0.032196622,0.015078396,0.002435181,2.190695763,0.35380026,0.218379021,,,,,,,,-0.41550684,2,504,Face-to-Face (HH)*,0,0,504,,,Face-to-Face (HH)*,,,,English,0,,,,,,,,13.6,,36.2,11.2,25.8
43,Poland,Central and Eastern Europe,6.186299801,0.035500165,6.255880356,0.13916111,6.116719246,10.26512432,0.874257445,69.31113434,0.862055779,-0.205084071,0.686927021,1.972316742,1.16922915,0.189002988,1.310399771,0.211822869,0.868038476,0.140316264,0.557903528,0.09018372,0.063374244,0.010244289,0.160541251,0.025951095,2.056797981,0.33247629,0.084481239,,,,,,,,0.374665737,0,3080,Face-to-Face (HH)*,1080,1000,1000,Face-to-Face (HH)*,Face-to-Face (HH)*,Face-to-Face (HH)*,,Polish,Polish,Polish,0.01666666667,0.05,,,,Low population areas were excluded. The excluded areas represent approximately 5 percent of the population.,,,16.2,,0.9,10.9,28.7
44,Colombia,Latin America and Caribbean,6.163400173,0.056480873,6.274102688,0.221405029,6.052697659,9.500369072,0.884440243,67.69958496,0.836179912,-0.161235645,0.86457181,1.972316742,0.93220371,0.151248286,1.33445096,0.21651214,0.810020149,0.131424234,0.526890039,0.085486911,0.092374094,0.014987522,0.04584837,0.007438811,2.421656609,0.3929092,0.449339867,5.983512,0.825455,0.300624,2.682672,0.506854,0.5416,0.27487,-0.173781395,0,3000,Face-to-Face (HH)*,1000,1000,1000,Face-to-Face (HH)*,Face-to-Face (HH)*,Face-to-Face (HH)*,,Spanish,Spanish,Spanish,0,,,,,,,,7.2,,41.7,17.5,19.2
45,Cyprus,Western Europe,6.15899992,0.050605938,6.258187771,0.198375702,6.059812069,10.40570259,0.805996239,73.70222473,0.779858291,0.043731496,0.856271744,1.972316742,1.21279943,0.196914994,1.149170756,0.186583986,1.026124597,0.166605717,0.459385872,0.074587738,0.227932334,0.037008011,0.051207144,0.008314198,2.032334805,0.32997805,0.060018063,6.276443,0.750122,0.298021,2.128885,0.448661,0.326167,0.35244,-0.368659973,0,3077,Landline and Mobile Telephone,1043,1026,1008,Landline and Mobile Telephone,Landline and Mobile Telephone,Landline and Mobile Telephone,,"Greek, English ","Greek, English ","Greek, English ",0,,,,,,,,5.3,,1.2,7.6,19.8
46,Nicaragua,Latin America and Caribbean,6.13710022,0.063886963,6.262318611,0.250436783,6.011881828,8.493160248,0.857497036,67.50717926,0.863902867,0.020959141,0.665950119,1.972316742,0.620033145,0.101030311,1.27081275,0.207070555,0.803093255,0.130858749,0.560117304,0.09126742,0.212871477,0.034686003,0.174084574,0.028365933,2.496081114,0.40671995,0.523764372,5.818953,0.792649,0.40835,2.711076,0.429591,0.4795,0.343467,0.742199421,0,3080,Face-to-Face (HH)*,1080,1000,1000,Face-to-Face (HH)*,Face-to-Face (HH)*,Face-to-Face (HH)*,,Spanish,Spanish,Spanish,0,,,,,,,,12.2,,9.4,18.6,20.8
47,Romania,Central and Eastern Europe,6.123700142,0.047432564,6.216668129,0.185935974,6.030732155,10.107584,0.825161517,67.20723724,0.842823207,-0.19781521,0.934300244,1.972316742,1.120401621,0.182961542,1.1944381,0.195051696,0.79229486,0.12938172,0.534852326,0.087341364,0.068181619,0.011134056,0.000829569,0.000135469,2.412749767,0.39400195,0.440433025,6.150879,0.735343,0.298454,2.196567,0.348827,0.3658,0.226351,1.007380962,0,3083,Face-to-Face (HH)*,1080,1002,1001,Face-to-Face (HH)*,Face-to-Face (HH)*,Face-to-Face (HH)*,,Romanian,"Romanian, Hungarian ","Romanian, Hungarian ",0,,,,,,,,10.4,,1.4,12.1,30
48,Kuwait,Middle East and North Africa,6.102099895,0.053297732,6.206563473,0.208927155,5.997636318,11.08982468,0.846475244,66.76764679,0.872366488,-0.100184701,0.760849059,1.972316742,1.424833655,0.233498907,1.244779825,0.203992043,0.776468933,0.127246185,0.570261419,0.093453308,0.132751092,0.021754985,0.112814933,0.018487887,1.840167999,0.30156307,-0.132148743,,,,,,,,-0.433106422,0,3023,Landline and Mobile Telephone,1023,1000,1000,Landline and Mobile Telephone,Mobile Telephone,Landline and Mobile Telephone,Y,"Arabic, English ","Arabic, English ","Arabic, English ",0,,,,Language,"Includes only Kuwaitis, Arab expatriates and non-Arabs who were able to complete the interview in Arabic or English. ","Includes only Kuwaitis, Arab expatriates and non-Arabs who were able to complete the interview in Arabic or English. ","Includes only Kuwaitis, Arab expatriates and non-Arabs who were able to complete the interview in Arabic or English. ",2.3,,1.8,8.9,23.6
49,Mauritius,Sub-Saharan Africa,6.101299763,0.057226494,6.213463783,0.224328041,5.989135742,9.956786156,0.910357833,66.40434265,0.889534533,-0.018318573,0.805343091,1.972316742,1.07366395,0.175972988,1.395666838,0.228749101,0.763389409,0.125119145,0.590838134,0.096838077,0.186894551,0.030631924,0.084088229,0.013782019,2.006720543,0.3289005,0.034403801,5.881741,0.773952,0.157993,2.557258,0.432354,0.3575,0.619251,0.624188423,0,3059,Landline and Mobile Telephone,1059,1000,1000,Landline and Mobile Telephone,Landline and Mobile Telephone,Landline and Mobile Telephone,,"Creole, English, French ","Creole, English, French ","Creole, English, French ",0,,,,,,,,7.8,,3.3,10,25
50,Kazakhstan,Commonwealth of Independent States,6.057899952,0.043229785,6.1426301,0.169460296,5.973169804,10.11465836,0.934744895,64.60996246,0.811601937,-0.068488635,0.764490843,1.972316742,1.122594237,0.185310792,1.453267694,0.239896285,0.698788941,0.115351681,0.497432142,0.082112968,0.153713793,0.025374106,0.110463686,0.01823465,2.021602631,0.33371344,0.049285889,6.007636,0.693199,0.161542,1.878689,0.384011,0.305867,0.615032,0.402791977,0,3080,Face-to-Face (HH)*,1080,1000,1000,Face-to-Face (HH)*,Face-to-Face (HH)*,Face-to-Face (HH)*,,"Russian, Kazakh ","Russian, Kazakh ","Russian, Kazakh ",0,,,,,,,,22.5,,6,7.9,27.1
51,Estonia,Central and Eastern Europe,6.021800041,0.035985194,6.092330933,0.141061783,5.95126915,10.34001732,0.934729993,68.60495758,0.87770915,-0.111697771,0.623073816,1.972316742,1.192441225,0.198020728,1.453232527,0.241328592,0.842615008,0.139927431,0.576664805,0.095762862,0.125136748,0.020780622,0.201766819,0.033506064,1.629928112,0.27067124,-0.34238863,6.091302,0.79473,0.163182,1.762924,0.367195,0.332462,0.420203,0.645202637,0,3080,Face-to-Face (HH)*,1080,1000,1000,Face-to-Face (HH)*,Face-to-Face (HH)*,Face-to-Face (HH)*,,"Estonian, Russian ","Estonian, Russian ","Estonian, Russian ",0,,,,,,,,17.8,,2.5,12.2,27.4
52,Philippines,Southeast Asia,6.006000042,0.049858402,6.103722572,0.19544506,5.908277512,8.993545532,0.846730053,61.92676163,0.915463448,-0.105463006,0.733634114,1.972316742,0.775120676,0.129057721,1.245381713,0.207356261,0.602189481,0.100264648,0.621915162,0.103548977,0.129260212,0.021521847,0.130385727,0.021709245,2.501741886,0.41654044,0.529425144,5.869173,0.772846,0.393481,2.700258,0.474452,,0.802007,1.104187965,0,4090,Face-to-Face (HH)*,2090,1000,1000,Face-to-Face (HH)*,Face-to-Face (HH)*,Face-to-Face (HH)*,,"Filipino, Iluko, Hiligaynon, Cebuano, Chavacano ","Filipino, Iluko, Hiligaynon, Cebuano, Maranao, Waray, Sorsoganon ","Filipino, Iluko, Hiligaynon, Cebuano, Masbatenyo, Waray, Tausug ",0.006666666667,0.01,0.01,0,,"Some areas were excluded from the sampling frame, due to security concerns (such as barangays considered as war zones in Marawi) and areas that are remote or inaccessible. The excluded population from these areas represent less than 1% of the population. ","Some areas were excluded from the sampling frame, due to security concerns (such as barangays considered as war zones in Marawi) and areas that are remote or inaccessible. The excluded population from these areas represent less than 1% of the population. ",,3.2,,14.3,7.1,22.6
53,Hungary,Central and Eastern Europe,6.000400066,0.039473221,6.077767372,0.154734611,5.923032761,10.24924374,0.921934128,67.60997009,0.718964577,-0.194323018,0.892916501,1.972316742,1.164307117,0.194038248,1.423009396,0.23715242,0.806793869,0.13445668,0.386401802,0.064396007,0.070491239,0.011747757,0.027548173,0.004591056,2.121845722,0.35361738,0.14952898,,,,,,,,1.195219994,0,3080,Face-to-Face (HH)*,1080,1000,1000,Face-to-Face (HH)*,Face-to-Face (HH)*,Face-to-Face (HH)*,,Hungarian,Hungarian,Hungarian,0,,,,,,,,19.1,,1.5,10.1,30
54,Thailand,Southeast Asia,5.998799801,0.042596295,6.082288742,0.166977882,5.91531086,9.741791725,0.889973223,67.25059509,0.905063033,0.268685192,0.886272311,1.972316742,1.007029295,0.167871796,1.347519517,0.22463152,0.793855846,0.132335779,0.609449804,0.10159529,0.376709014,0.062797397,0.031837862,0.005307372,1.832384109,0.30545845,-0.139932633,6.011562,0.843489,0.19819,2.105743,0.482407,0.396692,0.605364,-0.095407963,0,4000,Face-to-Face (HH)*,2000,1000,1000,Face-to-Face (HH)*,Face-to-Face (HH)*,Face-to-Face (HH)*,,Thai,Thai,Thai,0.04,0.04,0.04,0.04,,"Three provinces in the South region (Pattani, Narathiwat, and Yala) were excluded for security reasons; in addition, a few districts in other provinces were excluded. The excluded areas in total represent less than 4% of the population. ","Three provinces in the South region (Pattani, Narathiwat, and Yala) were excluded for security reasons; in addition, a few districts in other provinces were excluded. The excluded areas in total represent less than 4% of the population. ","Three provinces in the South region (Pattani, Narathiwat, and Yala) were excluded for security reasons; in addition, a few districts in other provinces were excluded. The excluded areas in total represent less than 4% of the population. ",14.4,,4.1,15,22.3
55,Argentina,Latin America and Caribbean,5.974699974,0.053441759,6.079445839,0.20949173,5.869954109,9.810955048,0.900567949,68.80380249,0.831132412,-0.194913864,0.842009842,1.972316742,1.028465629,0.172136782,1.372543693,0.229725961,0.849773705,0.142228682,0.520840347,0.08717431,0.070100471,0.011732886,0.060415059,0.010111815,2.072540998,0.3468862,0.100224256,5.792797,0.82031,0.320502,2.472559,0.405356,0.460938,0.261352,-0.439862251,0,3060,Face-to-Face (HH)*,1060,1000,1000,Face-to-Face (HH)*,Face-to-Face (HH)*,Face-to-Face (HH)*,,Spanish,Spanish,Spanish,0.057,0.057,0.057,0.057,,Those living in dispersed rural population areas were excluded. This represents about 5.7% of the population.,Those living in dispersed rural population areas were excluded. This represents about 5.7% of the population.,Those living in dispersed rural population areas were excluded. This represents about 5.7% of the population.,9.2,,6.4,16.1,22.6
56,Honduras,Latin America and Caribbean,5.953199863,0.065731592,6.082033634,0.257667541,5.824366093,8.424534798,0.821870148,67.19876862,0.870603263,0.086969115,0.801131904,1.972316742,0.598763585,0.100578445,1.186664104,0.199332146,0.791989982,0.133036014,0.568148077,0.095435747,0.256528199,0.043090809,0.086807102,0.014581587,2.464295387,0.41394468,0.491978645,5.908424,0.871845,0.287358,3.13472,0.672159,0.546688,0.398914,0.577702999,0,3000,Face-to-Face (HH)*,1000,1000,1000,Face-to-Face (HH)*,Face-to-Face (HH)*,Face-to-Face (HH)*,,Spanish,Spanish,Spanish,0,,,,,,,,2.9,,57.8,11.7,21.4
57,Latvia,Central and Eastern Europe,5.949999809,0.034838136,6.018282413,0.136565208,5.881717205,10.17531967,0.918288589,66.8074646,0.671237648,-0.186888844,0.795580089,1.972316742,1.14139545,0.191831174,1.414398789,0.23771409,0.777902424,0.130739907,0.329198807,0.055327532,0.075407945,0.012673605,0.090391524,0.015191853,2.121283054,0.35651817,0.148966312,5.901154,0.585233,0.191871,1.718402,0.33042,0.360333,0.197162,0.95134306,0,3103,Face-to-Face (HH)*,1080,1021,1002,Face-to-Face (HH)*,Face-to-Face (HH)*,Face-to-Face (HH)*,,"Latvian, Russian ","Latvian, Russian ","Latvian, Russian ",0,,,,,,,,21.2,,5.9,9,29.4
58,Ecuador,Latin America and Caribbean,5.925199986,0.052880634,6.028846264,0.207292557,5.821553707,9.246058464,0.836418986,68.50003815,0.859828949,-0.127014965,0.801215112,1.972316742,0.853383601,0.144026126,1.221027613,0.206073654,0.838837743,0.141571212,0.555234551,0.09370731,0.115006477,0.019409721,0.086753383,0.014641427,2.254933834,0.3805667,0.282617092,6.12801,0.876475,0.328171,2.485788,0.438512,0.496,0.402085,0.142819881,0,3000,Face-to-Face (HH)*,1000,1000,1000,Face-to-Face (HH)*,Face-to-Face (HH)*,Face-to-Face (HH)*,,Spanish,Spanish,Spanish,0,,,,,,,,7.1,,6.4,11.9,17.9
59,Portugal,Western Europe,5.910900116,0.053158198,6.015089989,0.208379746,5.806710243,10.26374245,0.886590719,72.40202332,0.888747811,-0.220714301,0.892629504,1.972316742,1.168800831,0.197736522,1.339530349,0.226620366,0.979315281,0.165679552,0.589895189,0.099797861,0.053036947,0.008972736,0.027733466,0.004691919,1.752558708,0.29649608,-0.219758034,5.919823,0.679104,0.317995,2.170622,0.418466,0.367538,0.520631,0.686313629,0,3029,Landline and Mobile Telephone,1026,1003,1000,Landline and Mobile Telephone,Landline and Mobile Telephone,Landline and Mobile Telephone,,Portuguese,Portuguese,Portuguese,0,,,,,,,,14,,0.9,13,24.4
60,Jamaica,Latin America and Caribbean,5.889800072,0.120590433,6.126157284,0.472714424,5.65344286,9.006250381,0.915701866,67.09999847,0.858068526,-0.125106767,0.888890028,1.972316742,0.779058397,0.132272469,1.408289194,0.239106451,0.788434088,0.133864321,0.553124607,0.093912289,0.116268493,0.019740652,0.030147785,0.005118643,2.214436531,0.37597822,0.242119789,,,,,,,,0.515312672,1,1005,Face-to-Face (HH)*,501,0,504,Face-to-Face (HH)*,,Face-to-Face (HH)*,,English,,English,0,,,,,,,,2.2,,57.4,13.3,21.8
61,South Korea,East Asia,5.872399807,0.044085015,5.958806515,0.172813416,5.785993099,10.51056671,0.799387157,73.6027298,0.612965107,-0.043404032,0.789067447,1.972316742,1.245300651,0.212059923,1.133560538,0.193031908,1.022542596,0.17412687,0.25935635,0.044165309,0.170303866,0.029000727,0.094596282,0.016108624,1.946757078,0.33150963,-0.025559664,5.840231,0.661209,0.217146,2.043847,0.398591,0.319,0.389084,-0.144899368,0,3031,Landline and Mobile Telephone,1016,1015,1000,Landline and Mobile Telephone,Landline and Mobile Telephone,Landline and Mobile Telephone,,Korean,Korean,Korean,0,,,,,,,,26.9,,0.7,13.4,11
62,Japan,East Asia,5.870800018,0.041391667,5.951927662,0.162255287,5.789672375,10.57968903,0.883545935,75.00096893,0.809961379,-0.246910349,0.654558063,1.972316742,1.26672411,0.215766864,1.332338691,0.226943293,1.072881341,0.182748746,0.495465875,0.08439495,0.03571178,0.006082949,0.181439638,0.030905437,1.486200333,0.25315124,-0.486116409,5.793575,0.703355,0.1853,1.916026,0.418662,0.321,0.38488,-0.10841322,0,3028,Landline and Mobile Telephone,1023,1003,1002,Landline and Mobile Telephone,Landline and Mobile Telephone,Landline and Mobile Telephone,,Japanese,Japanese,Japanese,0.01,0.01,0.01,0.01,,"Landline RDD, excluded 12 municipalities near the nuclear power plant in Fukushima. These areas were designated as not-to-call districts due to the devastation from the 2011 disasters. The exclusion represents less than 1% of the population of Japan. ","Landline RDD, excluded 12 municipalities near the nuclear power plant in Fukushima. These areas were designated as not-to-call districts due to the devastation from the 2011 disasters. The exclusion represents less than 1% of the population of Japan. ","Landline RDD, excluded 12 municipalities near the nuclear power plant in Fukushima. These areas were designated as not-to-call districts due to the devastation from the 2011 disasters. The exclusion represents less than 1% of the population of Japan. ",18.5,,0.2,23.6,17.6
63,Peru,Latin America and Caribbean,5.796800137,0.061311204,5.916970253,0.240340233,5.67663002,9.456313133,0.831075251,68.10023499,0.824766099,-0.16238822,0.893714964,1.972316742,0.91854918,0.15845797,1.208405972,0.208460865,0.824444175,0.142224012,0.513210058,0.088533337,0.091611817,0.01580386,0.02703266,0.004663376,2.213499546,0.38184852,0.241182804,5.679661,0.808621,0.380033,2.694196,0.503061,0.479647,0.202403,0.201412678,0,3000,Face-to-Face (HH)*,1000,1000,1000,Face-to-Face (HH)*,Face-to-Face (HH)*,Face-to-Face (HH)*,,Spanish,Spanish,Spanish,0,,,,,,,,4.9,,9.1,14.9,13.7
64,Serbia,Central and Eastern Europe,5.77820015,0.050712325,5.877596378,0.198792457,5.678803921,9.680980682,0.881475747,68.21020508,0.726495862,-0.073676221,0.843509018,1.972316742,0.988181829,0.171018968,1.327448964,0.229733988,0.828403294,0.143367013,0.395428419,0.068434531,0.15028289,0.026008599,0.059447147,0.010288177,2.029040098,0.35115435,0.056723356,5.936493,0.558941,0.296296,2.246089,0.356203,,0.476145,1.073669434,0,3080,Face-to-Face (HH)*,1080,1000,1000,Face-to-Face (HH)*,Face-to-Face (HH)*,Face-to-Face (HH)*,,Serbian,Serbian,Serbian,0,,,,,,,,15.6,,1.8,11.9,29.5
65,Bolivia,Latin America and Caribbean,5.747499943,0.050645422,5.846765041,0.198530197,5.648234844,8.851115227,0.803108692,63.6004715,0.875873327,-0.09168113,0.822606206,1.972316742,0.730976343,0.127181618,1.142350554,0.198756079,0.662445664,0.115258055,0.5744645,0.099950327,0.138375074,0.024075698,0.072942637,0.012691194,2.425928593,0.42208414,0.453611851,5.915734,0.741973,0.387469,2.204542,0.450113,0.5216,0.399588,-0.043299198,0,3000,Face-to-Face (HH)*,1000,1000,1000,Face-to-Face (HH)*,Face-to-Face (HH)*,Face-to-Face (HH)*,,Spanish,Spanish,Spanish,0.07333333333,0.11,0.11,0,,Very remote areas that lack regular public transport were excluded due to difficulty of access. The exclusions represent approximately 11% of the population.,Very remote areas that lack regular public transport were excluded due to difficulty of access. The exclusions represent approximately 11% of the population.,,12.2,Name Change,8.1,11.5,17.9
66,Pakistan,South Asia,5.69329977,0.048216224,5.78780365,0.189007759,5.598795891,8.482727051,0.689062297,58.25313568,0.734833717,0.04489987,0.745705426,1.972316742,0.616799474,0.108337783,0.872979581,0.153334554,0.469933242,0.082541454,0.405421734,0.071210326,0.228705063,0.040170915,0.122592121,0.021532701,2.976876736,0.5228737,1.004559994,5.471554,0.567295,0.376706,2.36315,0.381665,0.315125,0.589388,0.629393578,0,3691,Face-to-Face (HH)*,1091,1000,1600,Face-to-Face (HH)*,Face-to-Face (HH)*,Face-to-Face (HH)*,,Urdu,Urdu,Urdu,0.05,0.05,0.05,0.05,Gender,"Did not include AJK, Gilgit-Baltistan. The excluded area represents approximately 5% of the population. Gender-matched sampling was used during the final stage of selection. ","Did not include AJK, Gilgit-Baltistan. The excluded area represents approximately 5% of the population. Gender-matched sampling was used during the final stage of selection. ",Did not include AJK. The excluded area represents approximately 5% of the population. Gender-matched sampling was used during the final stage of selection.,2.9,,5.2,4.3,30.5
67,Paraguay,Latin America and Caribbean,5.692100048,0.051957864,5.793937683,0.20367527,5.590262413,9.389982224,0.898727894,65.63993835,0.885923445,0.007997713,0.834788501,1.972316742,0.897990823,0.157760899,1.36819756,0.240367799,0.735869646,0.129279113,0.586510062,0.10303931,0.204299241,0.035891716,0.065077379,0.01143293,1.83412528,0.32222295,-0.138191462,,,,,,,,-0.004532337,0,3079,Face-to-Face (HH)*,1079,1000,1000,Face-to-Face (HH)*,Face-to-Face (HH)*,Face-to-Face (HH)*,,"Spanish, Jepora ","Spanish, Jepora ","Spanish, Jepora ",0,,,,,,,,9.5,,9.1,10.5,24.6
68,Dominican Republic,Latin America and Caribbean,5.689199924,0.069831297,5.826069355,0.273738861,5.552330494,9.664880753,0.882085383,65.80748749,0.866202772,-0.131263286,0.755999923,1.972316742,0.983191848,0.172817243,1.328888893,0.23358098,0.741901696,0.130405278,0.5628739,0.098937268,0.112196781,0.019721012,0.115945682,0.020379963,1.844246864,0.3241663,-0.128069878,5.433216,0.744872,0.291403,3.395454,0.520095,0.484706,0.421771,0.656322002,0,3078,Face-to-Face (HH)*,1078,1000,1000,Face-to-Face (HH)*,Face-to-Face (HH)*,Face-to-Face (HH)*,,Spanish,Spanish,Spanish,0,,,,,,,,9.9,,16,15.6,21.5
69,Bosnia and Herzegovina,Central and Eastern Europe,5.674099922,0.046385963,5.765016556,0.181833267,5.583183289,9.455817223,0.829204142,67.80813599,0.651352704,0.098274559,0.933769107,1.972316742,0.91839546,0.16185747,1.203986526,0.21218987,0.813928187,0.14344622,0.305365741,0.053817477,0.264005244,0.046528127,0.001172487,0.000206638,2.16724205,0.38195345,0.194925308,5.887401,0.64294,0.277365,1.98775,0.385817,0.3256,0.254097,0.82387352,0,3080,Face-to-Face (HH)*,1080,1000,1000,Face-to-Face (HH)*,Face-to-Face (HH)*,Face-to-Face (HH)*,,"Bosnian, Croatian, Serbian ","Bosnian, Croatian, Serbian ","Bosnian, Croatian, Serbian ",0,,,,,,,,8.8,,1.6,15.5,30.8
70,Moldova,Commonwealth of Independent States,5.607500076,0.042275578,5.690360069,0.165719986,5.524640083,8.776714325,0.843313575,65.01301575,0.721609175,-0.037741039,0.913314283,1.972316742,0.707916796,0.126244634,1.237312198,0.220653086,0.713299453,0.127204537,0.389571488,0.069473292,0.174049184,0.031038641,0.014378744,0.002564199,2.370968342,0.42282092,0.3986516,5.682277,0.581715,0.270072,2.034441,0.40069,0.326059,0.237632,-0.07779789,0,3080,Face-to-Face (HH)*,1080,1000,1000,Face-to-Face (HH)*,Face-to-Face (HH)*,Face-to-Face (HH)*,,"Romanian/Molda vian, Russian ","Romanian/Molda vian, Russian ","Romania, Russian ",0.13,0.13,0.13,0.13,,Transnistria (Prednestrovie) excluded for safety of interviewers. The excluded area represents approximately 13% of the population.,Transnistria (Prednestrovie) excluded for safety of interviewers. The excluded area represents approximately 13% of the population.,Transnistria (Prednestrovie) excluded for safety of interviewers. The excluded area represents approximately 13% of the population.,15.9,Name Change,3.4,11.6,29.8
71,Tajikistan,Commonwealth of Independent States,5.555699825,0.032321576,5.619050026,0.126700401,5.492349625,8.024810791,0.835297108,64.10459137,0.831383407,-0.025088511,0.592076063,1.972316742,0.474874616,0.085475211,1.218377709,0.219302293,0.680594802,0.122503883,0.521141171,0.093802975,0.182417125,0.03283423,0.221779913,0.039919348,2.25650835,0.40616096,0.284191608,,,,,,,,0.999043465,0,5080,Face-to-Face (HH)*,1080,3000,1000,Face-to-Face (HH)*,Face-to-Face (HH)*,Face-to-Face (HH)*,,Tajik,Tajik,Tajik,0,,,,,,,,2.5,,2.1,5.9,26.1
72,Montenegro,Central and Eastern Europe,5.54610014,0.04898582,5.642112255,0.192024231,5.450088024,9.751860619,0.855314612,68.50534821,0.649565637,-0.075600356,0.783121586,1.972316742,1.010150075,0.182137006,1.265657902,0.228206825,0.839028895,0.15128268,0.303223848,0.054673345,0.14901033,0.026867587,0.098435111,0.017748528,1.880565882,0.33907896,-0.09175086,5.65019,0.589933,0.354935,2.270363,0.406529,0.3094,0.398499,0.372382641,0,3080,Face-to-Face (HH)*,1080,1000,1000,Face-to-Face (HH)*,Face-to-Face (HH)*,Face-to-Face (HH)*,,"Montenegrin, Serbian ","Montenegrin, Serbian ","Montenegrin, Serbian ",0.005,,,0.015,,,,Some very small and remote villages (less than 150 people) were excluded from the sampling frame. This represents about 0.5-1.5% of the total population.,10.3,,2.1,,29.1
73,Russia,Commonwealth of Independent States,5.546000004,0.039609671,5.623634815,0.155269623,5.468365192,10.12887192,0.903150737,64.10045624,0.729892612,-0.151153743,0.864802599,1.972316742,1.126999617,0.203209451,1.378644109,0.248583503,0.68044591,0.122691293,0.399499595,0.072033825,0.099041916,0.017858261,0.045699362,0.008240058,1.815716743,0.32739213,-0.156599999,5.5135,0.673346,0.198796,2.181481,0.395371,0.3975,0.455839,0.10481596,0,7003,Face-to-Face (HH)*,3003,2000,2000,Face-to-Face (HH)*,Face-to-Face (HH)*,Face-to-Face (HH)*,,Russian,Russian,Russian,0.1,0.05,0.05,0.2,,People living in very remote or difficult to access areas were excluded. The excluded areas represent approximately 5% of the population.,People living in very remote or difficult to access areas were excluded. The excluded areas represent approximately 5% of the population.,"People living in remote or difficult-to- access areas in the Far North, North Caucasus and Far East (Nenets autonomous region, Yamalo-Nenets autonomous region, Chukotsk region) were excluded. In addition, other very remote or difficult to access districts were excluded. The excluded areas represent about 20% of the population. ",31,Name Change,9.1,8.8,27.2
74,Kyrgyzstan,Commonwealth of Independent States,5.541500092,0.043677468,5.627108097,0.171216011,5.455892086,8.148405075,0.887228489,64.10601044,0.909374893,0.154772058,0.888396084,1.972316742,0.513180971,0.092606869,1.341036677,0.241998855,0.680645883,0.122827009,0.614617765,0.110911803,0.30137074,0.054384325,0.030466691,0.005497914,2.060206652,0.37177779,0.08788991,5.297383,0.763271,0.2033,1.901606,0.388922,0.304118,0.497066,0.555073261,0,3080,Face-to-Face (HH)*,1080,1000,1000,Face-to-Face (HH)*,Face-to-Face (HH)*,Face-to-Face (HH)*,,"Kyrgyz, Russian, Uzbek ","Kyrgyz, Russian, Uzbek ","Kyrgyz, Russian, Uzbek ",0,,,,,,,,8.3,,4.1,6.2,26.7
75,Belarus,Commonwealth of Independent States,5.539899826,0.037060037,5.612537384,0.145275116,5.467262268,9.779945374,0.90674746,66.10433197,0.639163077,-0.164926544,0.63571167,1.972316742,1.018854499,0.18391208,1.38713932,0.250390686,0.75258857,0.135848769,0.290755868,0.052483958,0.08993306,0.016233698,0.193607435,0.034947822,1.8069911,0.32617758,-0.165325642,5.23377,0.450333,0.235729,1.690107,0.293444,0.281294,0.421279,0.031939507,0,3242,Face-to-Face (HH)*,1128,1061,1053,Face-to-Face (HH)*,Face-to-Face (HH)*,Face-to-Face (HH)*,,Russian,Russian,Russian,0,,,,,,,,26.2,,3.5,10.6,27.1
76,North Cyprus,Western Europe,5.53550005,0.051037241,5.635532856,0.200065613,5.435467243,10.40570259,0.820356607,73.70222473,0.79529351,0.000227159,0.62611568,1.972316742,1.21279943,0.219094828,1.183089137,0.213727599,1.026124597,0.185371617,0.477885723,0.086331085,0.199160054,0.035978692,0.199802905,0.036094825,1.23668766,0.22341029,-0.735629082,5.608056,0.480453,0.261868,1.807883,0.200969,,0.378324,0.072244167,0,3050,Landline and Mobile Telephone,1050,1000,1000,Landline and Mobile Telephone,Landline and Mobile Telephone,Landline and Mobile Telephone,,Turkish,Turkish,Norwegian,0,,,,,,,,5.3,Used total Cyprus #s,,,
77,Greece,Western Europe,5.514999866,0.046931833,5.606986046,0.183972359,5.423013687,10.13232613,0.814380348,72.40525818,0.541345119,-0.300907373,0.859931409,1.972316742,1.128070116,0.20454581,1.168973565,0.211962574,0.979431748,0.177594156,0.173516348,0.031462621,0,0,0.048844352,0.008856637,2.016179085,0.36558099,0.043862343,5.409289,0.665699,0.255007,2.079771,0.315494,0.346385,0.157049,-0.070995331,0,3080,Face-to-Face (HH)*,1080,1000,1000,Face-to-Face (HH)*,Face-to-Face (HH)*,Face-to-Face (HH)*,,Greek,Greek,Greek,0,,,,,,,,5,,0.8,10.2,19.1
78,Hong Kong S.A.R. of China,East Asia,5.510399818,0.046019029,5.600596905,0.180394173,5.420202732,10.9346714,0.845969081,76.77170563,0.779833794,0.134979904,0.420607209,1.972316742,1.376746058,0.249845039,1.243584275,0.2256795,1.136630654,0.206270088,0.459356517,0.08336174,0.288280904,0.052315787,0.332485437,0.060337806,0.673293114,0.12218589,-1.299023628,,,,,,,,0.076621056,1,2011,Landline and Mobile Telephone,1004,0,1007,Landline and Mobile Telephone,,Landline and Mobile Telephone,,Chinese,,Chinese,0,,,,,,,,,,,,
79,Croatia,Central and Eastern Europe,5.504700184,0.037783645,5.578756332,0.148112297,5.430644035,10.07087517,0.874623716,70.21490479,0.714838803,-0.128538325,0.916495264,1.972316742,1.109024286,0.201468608,1.311264873,0.238208227,0.900575578,0.163601204,0.381456882,0.069296577,0.113998979,0.020709389,0.012325006,0.002238997,1.676029205,0.30447239,-0.296287537,5.536271,0.582044,0.290376,1.703681,0.32249,0.321429,0.248181,-0.103366852,0,3080,Face-to-Face (HH)*,1080,1000,1000,Face-to-Face (HH)*,Face-to-Face (HH)*,Face-to-Face (HH)*,,Croatian,Croatian,Croatian,0,,,,,,,,16.5,,1.1,12.4,32.4
80,Libya,Middle East and North Africa,5.488800049,0.060677204,5.607727528,0.237854958,5.36987257,9.789815903,0.825942934,62.29999924,0.773157001,-0.085054487,0.668779135,1.972316742,1.021913767,0.186181635,1.196283698,0.21794995,0.615626633,0.112160514,0.451354057,0.082231827,0.142757699,0.026008909,0.172258079,0.031383559,1.888563156,0.34407578,-0.083753586,5.493978,0.705535,0.398903,2.472343,0.596754,,,-0.265636921,0,3051,Mobile Telephone,1040,1004,1007,Mobile Telephone,Mobile Telephone,Mobile Telephone,,Arabic,Arabic,Arabic,0,,,,,,,,5.2,,2.4,,23.7
81,Mongolia,East Asia,5.456200123,0.040313236,5.535213947,0.158027649,5.377186298,9.412186623,0.937142491,62.30448532,0.693351328,0.098093867,0.863511205,1.972316742,0.904872775,0.165843033,1.458930612,0.267389498,0.615788162,0.11286026,0.355703115,0.065192461,0.263885736,0.04836438,0.046533126,0.008528486,1.810527563,0.33182939,-0.161789179,5.464623,0.654125,0.19189,2.010124,0.36435,0.334,0.270371,0.706353664,0,3070,Face-to-Face (HH)*,1070,1000,1000,Face-to-Face (HH)*,Face-to-Face (HH)*,Face-to-Face (HH)*,,Mongolian,Mongolian,Mongolian,0,,,,,,,,13,,7.1,8.2,29
82,Malaysia,Southeast Asia,5.384300232,0.048802696,5.479953289,0.191306114,5.288647175,10.26251888,0.816509426,67.10215759,0.894626856,0.114726797,0.839302301,1.972316742,1.168421626,0.217005289,1.17400229,0.218041758,0.788511872,0.14644649,0.596941531,0.110867059,0.274886161,0.051053275,0.062163133,0.011545258,1.319420815,0.24504964,-0.652895927,5.338818,0.824455,0.200367,1.642823,0.444762,0.439833,0.732398,-0.309556961,1,2060,Face-to-Face (HH)*,1060,1000,0,Face-to-Face (HH)*,Face-to-Face (HH)*,,,"Bahasa Malay, Chinese, English ","Bahasa Malay, Chinese, English ",,0,,,,,,,,5.5,,2.7,8.9,22.9
83,Vietnam,Southeast Asia,5.353499889,0.033800762,5.41974926,0.132498741,5.287250519,8.809545517,0.849987149,67.9527359,0.939592957,-0.094533332,0.79642123,1.972316742,0.718092382,0.134135126,1.253074765,0.23406646,0.819133997,0.153009062,0.650835574,0.121571979,0.136488721,0.025495232,0.089848459,0.016783125,1.685977936,0.31493004,-0.286338806,5.295547,0.692222,0.191061,1.676448,0.415666,0.36275,,-0.130469799,0,4014,Face-to-Face (HH)*,2000,1012,1002,Face-to-Face (HH)*,Face-to-Face (HH)*,Face-to-Face (HH)*,,Vietnamese,Vietnamese,Vietnamese,0.1333333333,0.02,0.19,0.19,,Long An province was excluded. The excluded areas represent less than 2% of the population.,"Eleven provinces were excluded: An Giang, Dac Lak, Dien Bien, Gia Lai, Ha Giang, Ha Tinh, Kien Giang, Kon Tum, Nghe An, Quang Binh, Thanh Hoa. The excluded areas represent approximately 19% of the population. ","Eleven provinces were excluded: An Giang, Dac Lak, Dien Bien, Gia Lai, Ha Giang, Ha Tinh, Kien Giang, Kon Tum, Nghe An, Quang Binh, Thanh Hoa. The excluded areas represent approximately 19% of the population. ",7.3,,1.7,9.5,23.4
84,Indonesia,Southeast Asia,5.285600185,0.047692381,5.379077435,0.186954499,5.192122936,9.36975193,0.808379889,62.15584946,0.870614409,0.519586504,0.876296401,1.972316742,0.891720712,0.16870756,1.154800892,0.218480561,0.610437036,0.115490581,0.568161428,0.10749232,0.542646527,0.102665073,0.038278613,0.007242056,1.479573488,0.27992535,-0.492743254,5.340296,0.863718,0.295987,2.530802,0.464347,0.395,0.837603,-0.003786087,0,4192,Face-to-Face (HH)*,2192,1000,1000,Face-to-Face (HH)*,Face-to-Face (HH)*,Face-to-Face (HH)*,,Bahasa Indonesia,Bahasa Indonesia,Bahasa Indonesia,0,,,,,,,,3.4,,4.5,8.7,23.8
85,Ivory Coast,Sub-Saharan Africa,5.233300209,0.073095515,5.376567364,0.28653431,5.090033054,8.225561142,0.658048689,49.50377274,0.727909327,-0.043991156,0.790771961,1.972316742,0.537094414,0.102630155,0.799727261,0.152815094,0.154942513,0.029607037,0.397122532,0.075883767,0.169915587,0.032468152,0.093495794,0.017865551,3.081022501,0.58873414,1.108705759,5.268375,0.682098,0.385631,3.078241,0.520244,0.42,0.535439,1.036139011,0,3000,Face-to-Face (HH)*,1000,1000,1000,Face-to-Face (HH)*,Face-to-Face (HH)*,Face-to-Face (HH)*,,"French, Dioula ","French, Dioula ","French, Dioula ",0,,,,,,,,14.5,Name Change,11.8,5.1,27.2
86,Benin,Sub-Saharan Africa,5.21600008,0.077759244,5.368408203,0.304816246,5.063591957,7.674319744,0.468671143,54.31246567,0.735182583,-0.003537213,0.740532577,1.972316742,0.366244704,0.070215625,0.352428436,0.0675668,0.328062952,0.062895504,0.40583989,0.077806726,0.196670428,0.03770522,0.125931874,0.02414338,3.440809727,0.65966443,1.468492985,5.819827,0.646655,0.467872,3.313298,0.606243,0.432667,0.63922,1.643526316,0,3000,Face-to-Face (HH)*,1000,1000,1000,Face-to-Face (HH)*,Face-to-Face (HH)*,Face-to-Face (HH)*,,"Bariba, Fon, French ","Bariba, Fon, French, Anago ","Bariba, Fon, French, Anago ",0,,,,,,,,9.9,,6.3,4.6,27.7
87,Maldives,South Asia,5.197599888,0.071985401,5.338691235,0.282182694,5.056508541,9.518632889,0.91316092,70.59999847,0.853962779,0.038085498,0.824211061,1.972316742,0.937864304,0.180441805,1.402287602,0.269795219,0.914439559,0.175934966,0.548203647,0.10547246,0.224198252,0.043134958,0.071906492,0.013834557,1.098674774,0.21138118,-0.873641968,,,,,,,,,2,1000,Face-to-Face (HH)*,0,0,1000,,,Face-to-Face (HH)*,,,,Dhivehi,0,,,,Time,,,Interviewing in Male was conducted in 2017; interviewing in remainder of the country was conducted in 2018/2019.,2.3,,1.9,21.8,24.4
88,Congo (Brazzaville),Sub-Saharan Africa,5.194399834,0.077028967,5.345376492,0.301953316,5.043423176,8.536987305,0.640228093,57.92448044,0.719058514,-0.123674095,0.751779079,1.972316742,0.633616745,0.121980742,0.757636011,0.145856314,0.458101124,0.088191348,0.386514395,0.074409827,0.117216013,0.022565843,0.118670784,0.022845909,2.722619534,0.52414516,0.750302792,5.490214,0.587507,0.447646,3.346595,0.597127,0.481,0.473674,1.076189041,0,3090,Face-to-Face (HH)*,1090,1000,1000,Face-to-Face (HH)*,Face-to-Face (HH)*,Face-to-Face (HH)*,,"French, Kituba, Lingala ","French, Kituba, Lingala ","French, Kituba, Lingala ",0,,,,,,,,5.9,Congo,10.3,3.4,26.2
89,Azerbaijan,Commonwealth of Independent States,5.164800167,0.034197241,5.231826782,0.13405323,5.097773552,9.687726974,0.819308281,65.50839996,0.786824107,-0.240255281,0.55253756,1.972316742,0.990272701,0.19173495,1.180613041,0.228588329,0.731134057,0.141560958,0.467734724,0.090562018,0.040113214,0.007766654,0.247307181,0.047883204,1.507632971,0.29190538,-0.464683771,5.167995,0.592575,0.191392,1.863302,0.26041,0.211,0.834372,0.524094582,0,3080,Face-to-Face,1080,1000,1000,Face-to-Face,Face-to-Face,Face-to-Face (HH)*,Y,"Azeri, Russian ","Azeri, Russian ","Azeri, Russian ",0.14,0.14,0.14,0.14,,"Kelbadjaro-Lacha, Nakhichevan and Nagorno-Karabakh territories not included. These areas represent approximately 14% of the total population. ","Kelbadjaro-Lacha, Nakhichevan and Nagorno-Karabakh territories not included. These areas represent approximately 14% of the total population. ","Kelbadjaro-Lacha, Nakhichevan and Nagorno-Karabakh territories not included. These areas represent approximately 14% of the total population. ",2.6,,2.5,2.8,24.5
90,Macedonia,Central and Eastern Europe,5.159800053,0.046761535,5.251452446,0.183304787,5.068147659,9.510591507,0.820392311,67.50442505,0.738840938,-0.019877451,0.897490501,1.972316742,0.935371995,0.181280667,1.183173537,0.229306083,0.802994132,0.155625048,0.410224587,0.07950397,0.18586354,0.036021462,0.024595059,0.004766669,1.617594957,0.31349954,-0.354721785,5.239835,0.590138,0.298353,2.150597,0.340063,0.390167,0.396142,0.622036934,0,3096,Face-to-Face (HH)*,1080,1008,1008,Face-to-Face (HH)*,Face-to-Face (HH)*,Face-to-Face (HH)*,,"Macedonian, Albanian ","Macedonian, Albanian ","Macedonian, Albanian ",0,,,,,,,,7.9,Name Change,1.5,12.8,28.5
91,Ghana,Sub-Saharan Africa,5.147999763,0.058634609,5.262923717,0.229847908,5.033075809,8.350645065,0.728601098,57.20398712,0.794796526,0.094170853,0.847964764,1.972316742,0.575862467,0.111861401,0.96636796,0.187717173,0.432162255,0.083947606,0.477290064,0.092713692,0.261291206,0.05075587,0.056570381,0.010988808,2.378437281,0.46201193,0.406120539,,,,,,,,0.259289265,0,3010,Face-to-Face (HH)*,1010,1000,1000,Face-to-Face (HH)*,Face-to-Face (HH)*,Face-to-Face (HH)*,,"English, Ewe, Twi, Dagbani ","English, Ewe, Twi, Dagbani ","English, Ewe, Hausa,Twi, Dagbani ",0,,,,,,,,5.4,,5.9,6.1,23.7
92,Nepal,South Asia,5.137199879,0.057692084,5.250276566,0.226153374,5.024123192,7.925357342,0.785512447,63.77917862,0.797565043,0.154168829,0.738099158,1.972316742,0.444050372,0.086438212,1.100789309,0.214278077,0.66887939,0.130203108,0.480608255,0.093554517,0.300971806,0.058586742,0.127502963,0.024819545,2.014386892,0.39211768,0.04207015,4.910087,0.536978,0.386792,3.040154,0.497896,0.383,0.648398,0.80302906,0,4095,Face-to-Face (HH)*,2095,1000,1000,Face-to-Face (HH)*,Face-to-Face (HH)*,Face-to-Face (HH)*,,Nepali,Nepali,Nepali,0,,,,,,,,8.8,,2.6,4.5,29.4
93,Turkey,Middle East and North Africa,5.131800175,0.039838459,5.20988369,0.15616703,5.05371666,10.12941933,0.826313555,66.90281677,0.608830452,-0.171046436,0.748197377,1.972316742,1.127169251,0.219644026,1.197159171,0.233282499,0.781335294,0.152253647,0.25440076,0.049573396,0.085885569,0.016735953,0.120983243,0.023575205,1.564816713,0.3049255,-0.407500029,5.185689,0.434654,0.350773,2.146152,0.362624,0.4058,0.513677,-0.153718472,0,4059,Face-to-Face (HH)*,2059,1000,1000,Face-to-Face (HH)*,Face-to-Face (HH)*,Face-to-Face (HH)*,,Turkish,Turkish,Turkish,0,,,,,,,,7.3,,5,9.7,20.3
94,China,East Asia,5.123899937,0.025901664,5.174667358,0.101534843,5.073132515,9.688568115,0.798760593,69.2891922,0.898517907,-0.18142575,0.7539711,1.972316742,0.990533412,0.193316307,1.132080674,0.220941214,0.867248535,0.169255556,0.601605117,0.117411566,0.079021044,0.015422051,0.117255554,0.022884044,1.336181879,0.26077439,-0.636134863,5.131434,0.855784,0.18964,2.262859,0.538206,0.425,,0.250864029,0,11499,Face-to-Face (HH)*,3709,3649,4141,Face-to-Face (HH)*,Face-to-Face (HH)*,Landline and Mobile Telephone and Face-to- Face (HH)*,Y to phone,Chinese,Chinese,Chinese,0.05,0.05,0.05,0.05,,Xinjiang and Tibet were excluded from the sample. The excluded areas represent less than 5% of the population of China,Xinjiang and Tibet were excluded from the sample. The excluded areas represent less than 5% of the population of China,Xinjiang and Tibet were excluded from the sample. The excluded areas represent less than 5% of the population of China,9.7,,0.9,9.1,19.2
95,Turkmenistan,Commonwealth of Independent States,5.119100094,0.029379817,5.17668438,0.115168572,5.061515808,9.74803257,0.958966196,62.21170807,0.826457024,0.187671542,0.883691847,1.972316742,1.008963585,0.197097843,1.510476947,0.295066891,0.612448037,0.119639785,0.515236676,0.100649854,0.323129326,0.063122291,0.03350389,0.006544879,1.115337372,0.21787763,-0.85697937,4.620602,0.61221,0.189025,1.198477,0.27107,,,-0.819453239,0,3089,Face-to-Face (HH)*,1089,1000,1000,Face-to-Face (HH)*,Face-to-Face (HH)*,Face-to-Face (HH)*,,"Turkmen, Russian ","Turkmen, Russian ","Turkmen, Russian ",0,,,,,,,,6.7,,4.1,8.7,25.4
96,Bulgaria,Central and Eastern Europe,5.101500034,0.04422117,5.188173294,0.173346519,5.014826775,9.869318962,0.937840343,66.80397797,0.745178163,-0.143908441,0.935585141,1.972316742,1.046554685,0.205146462,1.460578918,0.286303814,0.777776897,0.152460432,0.417820066,0.081901414,0.103833713,0.020353565,0,0,1.294961452,0.25383935,-0.67735529,5.098814,0.639022,0.189091,2.037507,0.341207,0.354667,0.218996,1.120626211,0,3081,Face-to-Face (HH)*,1080,1001,1000,Face-to-Face (HH)*,Face-to-Face (HH)*,Face-to-Face (HH)*,,Bulgarian,Bulgarian,Bulgarian,0,,,,,,,,11.5,,1.4,12,28.4
97,Morocco,Middle East and North Africa,5.094799995,0.05565045,5.203875065,0.218150139,4.985724926,8.940313339,0.592628479,65.89624023,0.772072434,-0.240377247,0.815724611,1.972316742,0.75862211,0.148901254,0.645208478,0.12664059,0.745096922,0.14624655,0.450054139,0.088335978,0.040032551,0.007857531,0.077385604,0.015189135,2.378402472,0.46682941,0.40608573,4.896792,0.638049,0.415982,2.710511,0.543107,0.402667,,0.220491886,0,3022,Face-to-Face (HH)*,1015,1001,1006,Face-to-Face (HH)*,Face-to-Face (HH)*,Face-to-Face (HH)*,,Moroccan Arabic,Moroccan Arabic,Moroccan Arabic,0.03,0.03,0.03,0.03,,Excludes the Southern provinces. The excluded area represents approximately 3% of the population.,Excludes the Southern provinces. The excluded area represents approximately 3% of the population.,Excludes the Southern provinces. The excluded area represents approximately 3% of the population.,2.9,,2.1,7.5,26.1
98,Cameroon,Sub-Saharan Africa,5.084899902,0.067296073,5.216800213,0.263800621,4.952999592,8.118647575,0.700386405,52.7049408,0.763051808,-0.00149645,0.851336598,1.972316742,0.503958046,0.099108745,0.89972645,0.176940838,0.270189553,0.053135668,0.439242482,0.086381736,0.198020101,0.038942773,0.054393422,0.010697049,2.719370842,0.53479339,0.7470541,5.250738,0.642437,0.355642,2.921314,0.521751,0.438333,0.645226,0.628227711,0,3000,Face-to-Face (HH)*,1000,1000,1000,Face-to-Face (HH)*,Face-to-Face (HH)*,Face-to-Face (HH)*,,"French, English, Fulfulde ","French, English, Fulfulde ","French, English, Fulfulde ",0.1533333333,0.2,0.16,0.1,,"Some arrondissements in the Extreme North region, the Northwest region, and the South West region were excluded due to insecurity. Neighborhoods with less than 50 household were also excluded from the sampling. The exclusion represents 20% of the total population. ","The following Arrondissements were excluded were excluded due to security concerns from Boko Haram attacks: Goulfey, Blangoua, Fotokol, Zina, Darak, Hile-Alifa, Waza, Bourrha, Mogode, Koza, Mayo Moskota, Mora, Kolofata, and Tokombere. Departement of Manyu was also excluded due to insecurity. Neighborhoods with less than 50 household were also excluded from the sampling. During fieldwork, the security situation degraded in the Northwest and Southwest as armed groups attacked government troops and civilians, and some localities were excluded as a result. In total, the excluded areas represent approximately 16% of the total population ","Certain localities were excluded due to security concerns from Boko Haram attacks. Goulfey, Blangoua, Fotokol, Zina, Darak, Hile-Alifa, Waza, Bourrha, Mogode, Koza, Mayo Moskota, Mora, Kolofata, and Tokombere. The exclusion represents 10% of the total population. ",12.2,,6.4,3.1,24.8
99,Venezuela,Latin America and Caribbean,5.053199768,0.06428051,5.179189682,0.251979828,4.927209854,8.977793694,0.890408158,66.50534058,0.62327832,-0.169090509,0.837038398,1.972316742,0.770238638,0.152425923,1.348546863,0.266869889,0.76702553,0.151790067,0.271717221,0.05377132,0.087179154,0.017252267,0.063624777,0.012590988,1.74484086,0.34529426,-0.227475882,5.005663,0.759221,0.373658,2.89193,,0.497167,0.2607,-1.859428406,0,3080,Face-to-Face (HH)*,1080,1000,1000,Face-to-Face (HH)*,Face-to-Face (HH)*,Face-to-Face (HH)*,,Spanish,Spanish,Spanish,0.02333333333,0.01,0.01,0.05,,The Federal Dependencies were excluded due to remoteness and difficulty of access. Exclusions represent less than 1% of the population.,The Federal Dependencies were excluded due to remoteness and difficulty of access. Exclusions represent less than 1% of the population.,The Federal Dependencies were excluded due to remoteness and difficulty of access. Some dangerous areas were excluded due to security concerns. The excluded areas represent approximately 5% of the population.,3.7,Name Change,62,1.4,18.6
100,Algeria,Middle East and North Africa,5.005099773,0.044236008,5.09180212,0.173404693,4.918397427,9.537964821,0.803385139,65.90517426,0.466610909,-0.121105164,0.735485137,1.972316742,0.943856001,0.188578858,1.143003583,0.228367792,0.745418549,0.148931806,0.083943799,0.016771653,0.118915014,0.02375877,0.129190654,0.025811804,1.840811729,0.36778722,-0.131505013,5.043086,0.591043,0.292946,1.973943,0.667872,0.276,,-0.456907749,0,3116,Face-to-Face (HH)*,1100,1000,1016,Face-to-Face (HH)*,Face-to-Face (HH)*,Face-to-Face (HH)*,,Arabic,Arabic,Arabic,0.1,0.1,0.1,0.1,,"Sparsely populated areas in the far South were excluded, representing approximately 10% of the population. ","Sparsely populated areas in the far South were excluded, representing approximately 10% of the population. ","Sparsely populated areas in the far South were excluded, representing approximately 10% of the population. ",3.2,,1.5,10.7,25.1
101,Senegal,Sub-Saharan Africa,4.980800152,0.05276908,5.084227562,0.20685482,4.877372742,8.118982315,0.723616004,59.59915161,0.690596163,-0.052335154,0.808785141,1.972316742,0.504061818,0.101200972,0.95459342,0.191654632,0.518391907,0.104078038,0.352400899,0.070751865,0.164397135,0.03300617,0.081865937,0.016436302,2.405123949,0.48287903,0.432807207,4.769377,0.713894,0.247075,1.964082,0.393897,0.402333,0.588928,0.802206039,0,3000,Face-to-Face (HH)*,1000,1000,1000,Face-to-Face (HH)*,Face-to-Face (HH)*,Face-to-Face (HH)*,,"French, Wolof ","French, Wolof ","French, Wolof ",0,,,,,,,,6,,7.9,3.9,30.2
102,Guinea,Sub-Saharan Africa,4.949299812,0.073042229,5.09246254,0.286325455,4.806137085,7.750990391,0.637573481,54.46780014,0.706846774,0.076328471,0.761794448,1.972316742,0.390007734,0.078800588,0.75136596,0.151812577,0.333655238,0.067414635,0.371878058,0.075137509,0.249490842,0.050409321,0.112204559,0.022670795,2.740729809,0.55376112,0.768413067,5.252227,0.743881,0.440438,3.302635,0.603388,0.387,0.591724,1.101907492,0,3140,Face-to-Face (HH)*,1140,1000,1000,Face-to-Face (HH)*,Face-to-Face (HH)*,Face-to-Face (HH)*,,"French, Malinke, Pular, Soussou ","French, Malinke, Pular, Soussou ","French, Malinke, Pular, Soussou ",0,,,,,,,,6.3,,9.1,4.1,30.3
103,Niger,Sub-Saharan Africa,4.909599781,0.077208281,5.060927868,0.302656174,4.758271694,6.842166901,0.617435038,53.50009537,0.759772122,0.013860817,0.722530186,1.972316742,0.108330332,0.022065003,0.703800142,0.143351836,0.298816353,0.060863689,0.435311615,0.088665397,0.208176896,0.042402009,0.137554765,0.028017511,3.017630577,0.61463881,1.045313835,5.164007,0.770558,0.502555,3.5702,,0.36875,0.747924,0.718193531,0,3000,Face-to-Face (HH)*,1000,1000,1000,Face-to-Face (HH)*,Face-to-Face (HH)*,Face-to-Face (HH)*,,"French, Hausa, Zarma ","French, Hausa, Zarma ","French, Hausa, Zarma ",0,,,,,,,,4.6,,10,9.7,33.4
104,Laos,Southeast Asia,4.888599873,0.040268615,4.967526436,0.157853127,4.809673309,8.79858017,0.737502217,58.70992279,0.907213569,0.11137148,0.634679317,1.972316742,0.714693844,0.14619602,0.987391889,0.201978463,0.486378282,0.099492348,0.612027287,0.125194801,0.27266711,0.055776115,0.194273964,0.039740206,1.621152639,0.33161901,-0.351164103,4.859402,0.852214,0.331883,2.161454,0.552091,0.348,,0.013968945,0,4574,Face-to-Face (HH)*,1070,2504,1000,Face-to-Face (HH)*,Face-to-Face (HH)*,Face-to-Face (HH)*,,Lao,Lao,Lao,0.1,0.1,0.1,0.1,,"Excluded Xaisomboun Province, Xayaboury Province and some communes that are unreachable and/or have security considerations. The excluded areas represent approximately 10% of the population. ",Excluded Xaisomboun Province and some communes that are unreachable and/or have security considerations. The excluded areas represent approximately 10% of the population.,"Xaisomboun Province and some communes from Phongsaly, Luangnamtha,Oudomxay, Bokeo, Luangprabang, Huaphanh, Xayaboury, Xienkhuang, Saravane, and Sekong were excluded due to remoteness or security issues.The excluded areas represent approximately 10% of the population. ",8.6,Name Change,6.8,4,24.8
105,Albania,Central and Eastern Europe,4.882699966,0.056115732,4.992686749,0.219973565,4.772713184,9.417930603,0.671070457,68.70813751,0.781994224,-0.042309489,0.896303713,1.972316742,0.906653047,0.185686824,0.830483913,0.170087025,0.846329629,0.173332303,0.461945891,0.094608699,0.171027765,0.035027294,0.025361285,0.005194111,1.640897036,0.33606346,-0.331419706,5.004403,0.7133,0.318997,2.640531,0.456174,0.30325,0.435338,-0.650942802,0,3080,Face-to-Face (HH)*,1080,1000,1000,Face-to-Face (HH)*,Face-to-Face (HH)*,Face-to-Face (HH)*,,Albanian,Albanian,Albanian,0.006666666667,0.02,0,0,,People living in remote or difficult-to- access rural areas were excluded. The excluded area represents approximately 2% of the population..,,,6.3,,3.4,14.7,29
106,Cambodia,Southeast Asia,4.848400116,0.058006871,4.962093353,0.227386474,4.734706879,8.249890327,0.773080647,61.52996826,0.959704638,0.051911179,0.822769046,1.972316742,0.544634938,0.112332919,1.071426034,0.220985481,0.587904334,0.121257388,0.674940348,0.13920888,0.233342081,0.048127645,0.072837502,0.015022997,1.663300037,0.34306163,-0.309016705,5.121838,0.844593,0.414346,2.911453,0.603439,,,0.692618847,0,3600,Face-to-Face (HH)*,1000,1000,1600,Face-to-Face (HH)*,Face-to-Face (HH)*,Face-to-Face (HH)*,,Khmer,Khmer,Khmer,0.03,0.03,0.03,0.03,,"Koh Kong, Stueng Treng, and Otdor Meanchey provinces were excluded. These excluded areas represent approximately 3% of the population of Cambodia. ","Koh Kong, Stueng Treng, and Otdor Meanchey provinces were excluded. These excluded areas represent approximately 3% of the population of Cambodia. ","Koh Kong, Stueng Treng, and Otdor Meanchey provinces were excluded. These excluded areas represent approximately 3% of the population of Cambodia. ",5.3,,2.5,6.1,26.1
107,Bangladesh,South Asia,4.832799911,0.040124193,4.911443233,0.157286643,4.75415659,8.287063599,0.687292993,64.50306702,0.90062499,-0.033664726,0.661843538,1.972316742,0.556156278,0.115079517,0.868800581,0.179771685,0.694940507,0.143796664,0.604130566,0.125006327,0.176745117,0.036571991,0.176735908,0.036570086,1.755261898,0.36319772,-0.217054844,4.499217,0.541345,0.361238,2.159303,0.367609,0.32775,0.831693,-0.046970367,0,5072,Face-to-Face (HH)*,3072,1000,1000,Face-to-Face (HH)*,Face-to-Face (HH)*,Face-to-Face (HH)*,,Bengali,Bengali,Bengali,0.02333333333,0.03,0.03,0.01,,"Three hill districts in Chittagong (Rangamati, Khagrachori & Bandarban) and two districts in Rohingya rehabilitation areas (Teknaf and Ukhiya) were excluded for security reasons. The excluded area represents approximately 3% of the population. ","Three hill districts in Chittagong (Rangamati, Khagrachori & Bandarban) and one district in Rangpur (Gaibandha) were excluded for security reasons. The excluded area represents approximately 3% of the population. ","Three hill districts in Chittagong (Rangamati, Khagrachori & Bandarban) were excluded for security reasons. The excluded area represents approximately 1% of the population. ",5.9,,2.7,3,24.7
108,Gabon,Sub-Saharan Africa,4.829299927,0.060268242,4.947425842,0.236251831,4.711174011,9.680537224,0.787886858,59.71533966,0.704829216,-0.222261623,0.849150956,1.972316742,0.988044381,0.204593708,1.10639751,0.229101014,0.522574842,0.108209233,0.369459897,0.076503821,0.052013602,0.010770423,0.055804539,0.01155541,1.735027552,0.35927103,-0.23728919,4.783009,0.640692,0.417661,2.623639,0.485094,0.422,0.311374,0.715185642,0,3070,Face-to-Face (HH)*,1070,1000,1000,Face-to-Face (HH)*,Face-to-Face (HH)*,Face-to-Face (HH)*,,"French, Fang ","French, Fang, Teke ","French, Fang, Punu ",0,,,,,,,,7.1,,8.6,9.7,25.5
109,South Africa,Sub-Saharan Africa,4.814099789,0.060023591,4.931746006,0.235292435,4.696453571,9.403370857,0.852532268,56.50601196,0.759330094,-0.109777324,0.843423843,1.972316742,0.902140439,0.187395459,1.259086251,0.261541369,0.407034069,0.084550401,0.43478182,0.090314252,0.126406848,0.026257629,0.05950214,0.012359972,1.625117302,0.33757449,-0.34719944,4.883922,0.812167,0.282708,2.712255,0.685775,0.624,0.524686,-0.254975319,0,3060,Face-to-Face (HH)*,1060,1000,1000,Face-to-Face (HH)*,Face-to-Face (HH)*,Face-to-Face (HH)*,,"Afrikaans, English, Sotho, Xhosa, Zulu ","Afrikaans, English, Sotho, Xhosa, Zulu ","Afrikaans, English, Sotho, Xhosa, Zulu ",0,,,,,,,,11.6,,39.7,13.3,26.9
110,Iraq,Middle East and North Africa,4.784800053,0.077791877,4.937272072,0.304944039,4.632328033,9.661095619,0.747694969,59.90354919,0.633182645,-0.06956476,0.82226181,1.972316742,0.982018709,0.205237146,1.011466622,0.211391617,0.529350698,0.110631728,0.283588052,0.059268527,0.153002068,0.03197669,0.073164992,0.015291128,1.752173662,0.3661958,-0.22014308,,,,,,,,0.002328396,0,3097,Face-to-Face (HH)* and PAPI,1097,1000,1000,Face-to-Face (HH)* and PAPI,Face-to-Face (HH)* and PAPI,Landline and Mobile Telephone,Y,"Arabic, Kurdish ","Arabic, Kurdish ","Arabic, Kurdish ",0.02,0.06,0,0,,The provinces of Maysan and Dohuk were excluded. These areas represent approximately 6% of the population.,,,3,,15.8,5,25.2
111,Lebanon,Middle East and North Africa,4.771500111,0.043753985,4.857257843,0.171515465,4.685742378,9.3617239,0.824338138,67.10658264,0.551357508,-0.06121527,0.90225625,1.972316742,0.889232516,0.186363302,1.19249332,0.249920003,0.788671136,0.16528788,0.18551667,0.038880156,0.158524141,0.033223124,0.021518147,0.004509724,1.53554225,0.32181541,-0.436774492,5.167187,0.463881,0.270689,2.150793,0.319639,0.318,0.219075,-0.182862759,0,3040,Face-to-Face (HH)*,1040,1000,1000,Face-to-Face (HH)*,Face-to-Face (HH)*,Face-to-Face (HH)*,,Arabic,Arabic,Arabic,0.11,0.1,0.1,0.13,,"Hermel, Baalbak, and Bint Jbeil under the strict control of Hezbollah were excluded. The excluded areas represent approximately 10% of the population. ","Hermel, Baalbak, and Bint Jbeil under the strict control of Hezbollah were excluded. The excluded areas represent approximately 10% of the population. ","Towns of Hermel, Baalbak, and Bint Jbeil under the strict control of Hezbollah were excluded, as well as the Beirut suburb of Dahiyeh. The excluded areas represent approximately 13% of Lebanon's population. Excluded zones were replaced by areas from within the same governorate. ",3.3,,4.1,13.5,20.7
112,Burkina Faso,Sub-Saharan Africa,4.768700123,0.062067267,4.890351772,0.243303299,4.647048473,7.46854496,0.712943614,53.88945389,0.665563583,-0.019080516,0.739795029,1.972316742,0.302467644,0.063427692,0.9293859,0.194892922,0.312833875,0.065601499,0.322398156,0.067607136,0.186390609,0.039086251,0.126408055,0.026507864,2.588826418,0.54287885,0.616509676,4.927236,0.710884,0.342866,2.64607,0.605102,0.394667,0.622255,0.611511231,0,3000,Face-to-Face (HH)*,1000,1000,1000,Face-to-Face (HH)*,Face-to-Face (HH)*,Face-to-Face (HH)*,,"Dioula, French, Fulfulde, Moore ","Dioula, French, Fulfulde, Moore ","Dioula, French, Fulfulde, Moore ",0.01633333333,0.049,0,0,,Some communities in the East and Sahel regions were excluded due for security reasons. The areas excluded represent 4.9% of the population.,,,7.7,,9.6,10,32.6
113,Gambia,Sub-Saharan Africa,4.750599861,0.067163654,4.882240772,0.263281822,4.61895895,7.321814537,0.6931687,55.0120163,0.733163178,0.343198717,0.690717816,1.972316742,0.256990552,0.054096442,0.882678688,0.185803628,0.353247881,0.074358584,0.403419524,0.084919702,0.425989687,0.089670715,0.158093795,0.033278702,2.270216465,0.47787996,0.297899723,4.922099,0.804012,0.379208,3.158858,0.592391,0.422667,0.757543,,0,3120,Face-to-Face (HH)*,1120,1000,1000,Face-to-Face (HH)*,Face-to-Face (HH)*,Face-to-Face (HH)*,,"English, Pulaar, Wolof, Malinke ","English, Pulaar, Wolof, Malinke ","English, Pulaar, Wolof, Malinke ",0,,,,,,,,5.1,,8.5,3.1,29.1
114,Mali,Sub-Saharan Africa,4.729300022,0.064362764,4.855451107,0.25230217,4.603148937,7.629852295,0.731468976,51.72698212,0.71156615,-0.044366926,0.839328408,1.972316742,0.352462649,0.074527445,0.97314173,0.20576866,0.234981522,0.049686322,0.377534449,0.079828822,0.16966705,0.035875721,0.062146276,0.013140692,2.559335232,0.54116576,0.58701849,4.41573,0.770017,0.369648,2.631045,0.598787,0.372667,0.510795,0.562583447,0,3130,Face-to-Face (HH)*,1130,1000,1000,Face-to-Face (HH)*,Face-to-Face (HH)*,Face-to-Face (HH)*,,"French, Bambara ","French, Bambara ","French, Bambara ",0.23,0.23,0.23,0.23,,"The regions of Gao, Kidal, Mopti and Tombouctou were excluded because of insecurity. Quartiers and villages with less than 50 inhabitants were also excluded from the sample. The excluded areas represent 23% of the total population. ","The regions of Gao, Kidal, Mopti and Tombouctou were excluded because of insecurity. Quartiers and villages with less than 50 inhabitants were also excluded from the sample. The excluded areas represent 23% of the total population. ","The regions of Gao, Kidal, Mopti and Tombouctou are excluded because of heightened insecurity. These four regions represent 23% of the total population. ",4.8,,11,5.8,32.6
115,Nigeria,Sub-Saharan Africa,4.724100113,0.05211626,4.826248169,0.204296112,4.621952057,8.57662487,0.73721689,49.86190796,0.759578407,0.033745807,0.861874342,1.972316742,0.645901859,0.136724846,0.986717939,0.208868973,0.167835936,0.035527599,0.435079455,0.092097848,0.221328124,0.046850854,0.047589935,0.010073863,2.219635487,0.46985361,0.247318745,5.252288,0.805262,0.25647,2.639126,0.448463,0.4155,0.451741,-0.409330368,0,5000,Face-to-Face (HH)*,3000,1000,1000,Face-to-Face (HH)*,Face-to-Face (HH)*,Face-to-Face (HH)*,,"English, Hausa, Igbo, Pidgin English, Yoruba ","English, Hausa, Igbo, Pidgin English, Yoruba ","English, Hausa, Igbo, Pidgin English, Yoruba ",0.07,0.07,0.07,0.07,,"The states of Adamawa, Borno and Yobe were excluded for safety and security reasons. These states represent 7% of the population. ","The states of Adamawa, Borno and Yobe were under a state of emergency due to Boko Haram activity and were excluded for safety and security reasons. These states represent 7% of the population. ","The states of Adamawa, Borno and Yobe were under a state of emergency due to Boko Haram activity and were excluded for safety and security reasons. These states represent 7% of the population. ",9.5,,9.6,4.6,23.9
116,Armenia,Commonwealth of Independent States,4.676799774,0.058595356,4.791646481,0.229693413,4.561953068,9.100476265,0.757479429,66.75065613,0.712017834,-0.13877961,0.773544788,1.972316742,0.808262408,0.172823821,1.034576893,0.221214707,0.77585727,0.165894908,0.378075808,0.080840709,0.107225738,0.02292716,0.104618184,0.022369609,1.468161583,0.3139244,-0.504155159,5.062449,0.581488,0.45484,2.102111,0.406403,0.31925,0.670828,0.321033001,0,3080,Face-to-Face (HH)*,1080,1000,1000,Face-to-Face (HH)*,Face-to-Face (HH)*,Face-to-Face (HH)*,,Armenian,Armenian,Armenian,0,,,,,,,,6.6,,3.8,5.3,25.5
117,Georgia,Commonwealth of Independent States,4.672599792,0.043417413,4.757698059,0.170196533,4.587501526,9.226100922,0.629033029,64.49520874,0.801641524,-0.22892037,0.665944695,1.972316742,0.847198069,0.181311926,0.7311939,0.156485454,0.694657624,0.148666193,0.485494107,0.103902352,0.047609735,0.010189132,0.174088076,0.037257219,1.69239831,0.36219629,-0.279918432,4.659097,0.572953,0.243779,2.223053,0.419812,0.380118,0.300006,0.567712307,0,3080,Face-to-Face (HH)*,1080,1000,1000,Face-to-Face (HH)*,Face-to-Face (HH)*,Face-to-Face (HH)*,,"Georgian, Russian ","Georgian, Russian ","Georgian, Russian ",0.04666666667,0.07,0.07,0,,South Ossetia and Abkhazia were not included for the safety of the interviewers. The excluded area represents approximately 7% of the population.,South Ossetia and Abkhazia were not included for the safety of the interviewers. The excluded area represents approximately 7% of the population.,,8.2,,2.3,9.5,26.3
118,Iran,Middle East and North Africa,4.672399998,0.055878021,4.78192091,0.219041824,4.562879086,9.813719749,0.694689691,66.00614929,0.647873282,0.117891103,0.714635968,1.972316742,1.029322505,0.220298456,0.886271179,0.189682215,0.749053836,0.160314578,0.301195472,0.06446269,0.27697894,0.059279801,0.142651513,0.030530672,1.286969423,0.27544076,-0.685347319,4.278118,0.553197,0.493149,2.375708,0.440586,0.4134,0.549941,-0.0631423,0,3060,Landline and Mobile Telephone,1058,1002,1000,Landline and Mobile Telephone,Landline and Mobile Telephone,Landline and Mobile Telephone,,Farsi,Farsi,Farsi,0,,,,,,,,4.1,Name Change,3.2,22.9,19.7
119,Jordan,Middle East and North Africa,4.633399963,0.058751218,4.748552322,0.230304718,4.518247604,9.025999069,0.80216372,66.79975128,0.75104779,-0.162565202,0.700344324,1.972316742,0.785179198,0.169460699,1.140118599,0.246065224,0.777624726,0.167830261,0.424855083,0.091694023,0.091494769,0.019746788,0.151878625,0.032779088,1.262258053,0.27242588,-0.710058689,4.638934,,,2.764461,0.391051,0.343,,-0.857204437,0,3015,Face-to-Face (HH)*,1001,1002,1012,Face-to-Face (HH)*,Face-to-Face (HH)*,Face-to-Face (HH)*,,Arabic,Arabic,Arabic,0,,,,Issue with language/identity,,,"Beginning in 2017 efforts were made to include any respondent in a fixed household who can take the survey in Arabic, whether Jordanian or non- Jordanian. This resulted in a slightly higher percent of self-reported non- Jordanians in the 2017 sample (12% self-reported non-Jordanians in the 2017 sample, and less than 5% in previous waves). ",2.9,,2.8,12.4,21
120,Mozambique,Sub-Saharan Africa,4.623600006,0.079284087,4.778996944,0.310793876,4.468203068,7.069345951,0.723874032,54.20582199,0.864451885,0.032375868,0.683019102,1.972316742,0.178741366,0.038658484,0.955202878,0.206592888,0.324223638,0.070123635,0.56077534,0.121285435,0.220422104,0.047673264,0.163064316,0.035267825,2.221216202,0.48040838,0.24889946,4.653714,0.63964,0.397279,3.326432,0.784367,0.488667,0.832038,-0.188720703,0,3000,Face-to-Face (HH)*,1000,1000,1000,Face-to-Face (HH)*,Face-to-Face (HH)*,Face-to-Face (HH)*,,"Portuguese, Xichangana, Emakhuwa ","Portuguese, Xichangana, Emakhuwa ","Portuguese, Xichangana, Cisena, Emakhuwa ",0.02,0.06,0,0,Cyclone,"A small number of districts excluded due to insecurity. In addition, areas were excluded due to destruction to infrastructure caused by Cyclone IDAI. The excluded areas represent 6% of population. ",,,4.9,,4.2,4.7,29.1
121,Kenya,Sub-Saharan Africa,4.583000183,0.067804985,4.715898037,0.265795708,4.450102329,8.02977562,0.702652037,60.09693146,0.829747558,0.294681519,0.831499159,1.972316742,0.476413399,0.103952298,0.905077755,0.197485865,0.536312759,0.117022199,0.519180536,0.113283988,0.393902093,0.085948522,0.067201078,0.014663119,1.684904575,0.36764227,-0.287412167,4.655703,0.759103,0.236921,2.749231,0.584187,0.4365,0.675367,0.338665485,0,3001,Face-to-Face (HH)*,1001,1000,1000,Face-to-Face (HH)*,Face-to-Face (HH)*,Face-to-Face (HH)*,,"English, Swahili ","English, Swahili ","English, Swahili ",0.08,0.08,0.08,0.08,,"Mandera County, Wajir County, Marsanit County, Baringo County, and Garissa County (except some areas in Garissa and Lagdera districts) were excluded due to accessibility and/or security issues. The exclusions represent 8% of the population. ","Mandera County, Wajir County, Marsanit County, Baringo County, and Garissa County (except some areas in Garissa and Lagdera districts) were excluded due to accessibility and/or security issues. The exclusions represent 8% of the population. ","Mandera County, Wajir County, Marsanit County, Baringo County, and Garissa County (except some areas in Garissa and Lagdera districts) were excluded due to accessibility and/or security issues. The exclusions represent 8% of the population. ",3.2,,5.6,8,26.7
122,Namibia,Sub-Saharan Africa,4.571100235,0.060983475,4.690628052,0.239055634,4.451572418,9.203141212,0.846880972,56.50148773,0.767520964,-0.18530646,0.851449788,1.972316742,0.84008199,0.183781135,1.245738149,0.272524794,0.40687117,0.089009461,0.444598973,0.097263011,0.076454483,0.016725619,0.054320343,0.011883429,1.503033161,0.32881212,-0.469283581,4.834088,0.739387,0.240249,2.101938,0.771211,0.611333,0.624468,,0,3007,Face-to-Face (HH)*,1002,1005,1000,Face-to-Face (HH)*,Face-to-Face (HH)*,Face-to-Face (HH)*,,"English, Oshivambo, Afrikaans ","English, Oshivambo, Afrikaans, Kwangali ","English, Oshivambo ",0,,,,,,,,8.7,,18.4,10.7,28.5
123,Ukraine,Commonwealth of Independent States,4.56069994,0.049683895,4.658080578,0.194761276,4.463319302,9.010690689,0.878879368,64.60678101,0.663081884,-0.030933706,0.920636714,1.972316742,0.780434608,0.171121674,1.321316481,0.289717916,0.698674381,0.153194551,0.319423705,0.070038308,0.178551316,0.039149981,0.00965116,0.002116158,1.252669334,0.27466603,-0.719647408,4.661909,0.608771,0.221851,2.111562,0.349749,0.265,0.07971,-0.542870522,0,3080,Face-to-Face (HH)*,1080,1000,1000,Face-to-Face (HH)*,Face-to-Face (HH)*,Face-to-Face (HH)*,,"Russian, Ukrainian ","Russian, Ukrainian ","Russian, Ukrainian ",0.09333333333,0.09,0.09,0.1,,"Due to situation in the East of Ukraine, occupied and conflict areas in Donetsk and Lugansk oblasts were excluded. The excluded areas represent approximately 9% of the population. ","Due to situation in the East of Ukraine, occupied and conflict areas in Donetsk and Lugansk oblasts were excluded. The excluded areas represent approximately 9% of the population. ","Due to situation in the East of Ukraine, occupied and conflict areas in Donetsk and Lugansk oblasts were excluded. The excluded areas represent 10% of the population. ",22.4,,7.1,7.4,27.1
124,Liberia,Sub-Saharan Africa,4.557899952,0.081956357,4.71853447,0.321269036,4.397265434,7.054380417,0.70928055,56.09631348,0.735268712,0.04227322,0.856375933,1.972316742,0.174103007,0.038198076,0.920733929,0.202008368,0.392284274,0.08606689,0.405943096,0.089063626,0.226967871,0.049796589,0.051139876,0.011220052,2.386757851,0.52365297,0.414441109,4.134853,0.659732,0.436099,3.718958,0.661966,0.3485,0.703912,0.349229336,0,3000,Face-to-Face (HH)*,1000,1000,1000,Face-to-Face (HH)*,Face-to-Face (HH)*,Face-to-Face (HH)*,,"English, Pidgin English ","English, Pidgin English ","English, Pidgin English ",0,,,,,,,,6.8,,10,4.2,28.3
125,Palestinian Territories,Middle East and North Africa,4.552800179,0.055874817,4.662314892,0.219029427,4.443285465,8.389223099,0.825295925,62.25,0.645791829,-0.162079096,0.824199975,1.972316742,0.587819219,0.129111579,1.194755554,0.262422137,0.613826573,0.134823965,0.29870075,0.06560814,0.091816261,0.020166987,0.071913652,0.015795477,1.693985701,0.37207557,-0.278331041,4.553922,0.610405,0.418929,2.580389,0.482421,,0.392373,-0.060790062,0,3090,Face-to-Face (HH)*,1090,1000,1000,Face-to-Face (HH)*,Face-to-Face (HH)*,Face-to-Face (HH)* and Face-to-Face,Y,Arabic,Arabic,Arabic,0.02,0.02,0.02,0.02,,"Areas with security concerns close to the Israeli borders, areas that are accessible only to special Israeli permit holders, and areas with population concentrations less than 1000 people were excluded. The excluded areas represent less than 2% of the population. The sample includes East Jerusalem. ","Areas with security concerns close to the Israeli borders, areas that are accessible only to special Israeli permit holders, and areas with population concentrations less than 1000 people were excluded. The excluded areas represent less than 2% of the population. The sample includes East Jerusalem. ","Areas with security concerns close to the Israeli borders, areas that are accessible only to special Israeli permit holders, and areas with population concentrations less than 1000 people were excluded. The excluded areas represent less than 2% of the population. The sample includes East Jerusalem. ",,,,,
126,Uganda,Sub-Saharan Africa,4.43200016,0.068495452,4.566251278,0.268502235,4.297749043,7.500389576,0.764994621,55.70820236,0.731713951,0.099487431,0.836737812,1.972316742,0.312337428,0.070473244,1.052327394,0.237438483,0.378311664,0.085359127,0.401682556,0.090632342,0.264807373,0.059748954,0.063818842,0.014399558,1.958671093,0.44193841,-0.013645649,4.321715,0.685169,0.390319,3.033912,0.655503,0.4322,0.503853,-0.069788933,0,3000,Face-to-Face (HH)*,1000,1000,1000,Face-to-Face (HH)*,Face-to-Face (HH)*,Face-to-Face (HH)*,,"Ateso, English, Luganda, Runyankole ","Ateso, English, Luganda, Runyankole ","Ateso, English, Luganda, Runyankole ",0.02666666667,0.04,0.04,0,,"Three districts in the North region were excluded for security reasons - Kotido, Moroto Nakapiripirit. The excluded areas represent approximately 4% or less of the population. ","Three districts in the North region were excluded for security reasons - Kotido, Moroto Nakapiripirit. The excluded areas represent approximately 4% of the population. ",,9.9,,13.2,5.1,27.3
127,Chad,Sub-Saharan Africa,4.422699928,0.075231321,4.570153236,0.294906616,4.27524662,7.467963696,0.632388055,48.22053909,0.587305248,0.017834719,0.802760839,1.972316742,0.302287489,0.068349084,0.739118278,0.167119246,0.1087441,0.024587718,0.228601769,0.051688284,0.210805088,0.047664343,0.085755408,0.019389832,2.74742651,0.62121025,0.775109768,4.486325,0.552737,0.543836,3.107621,0.607655,0.4155,0.577436,0.334587574,0,3111,Face-to-Face (HH)*,1111,1000,1000,Face-to-Face (HH)*,Face-to-Face (HH)*,Face-to-Face (HH)*,,"French, Chadian Arabic, Ngambaye ","French, Chadian Arabic, Ngambaye ","French, Chadian Arabic, Ngambaye ",0.2166666667,0.25,0.2,0.2,,"Because of security issues and difficult terrain, eight regions are excluded from the sampling: Lac, Ouaddai_, Wadi Fira, Bourkou, Ennedi, Tibesti, Salamat and Sila. In addition, the North Kanem and Bahr El Gazal North districts were excluded due to accessibility issues. Quartiers/villages with less than 50 inhabitants are also excluded from sampling. The excluded areas represent 25% of the population. ","Because of security and wilderness, seven regions were excluded from the sampling: Ouaddai, Wadi Fira, Bourkou, Ennedi, Tibesti, Salamat and Sila. Quartiers/villages with less than 50 inhabitants are also excluded from sampling. The total population excluded is 20% of the total population. ","Because of security and wilderness, seven regions were excluded from the sampling: Ouaddai, Wadi Fira, Bourkou, Ennedi, Tibesti, Salamat and Sila. Quartiers/villages with less than 50 inhabitants are also excluded from sampling. The total population excluded is 20% of the total population. ",8.8,,9.3,4.7,32.9
128,Tunisia,Middle East and North Africa,4.392199993,0.049670532,4.489554405,0.194708824,4.294845581,9.314972878,0.688718557,66.89785767,0.593361557,-0.216413811,0.867590249,1.972316742,0.874742687,0.19915821,0.872167706,0.198571947,0.781156719,0.177850899,0.235860556,0.053699867,0.055881143,0.012722814,0.043899573,0.009994894,1.528496742,0.34800254,-0.44382,4.741132,0.591727,0.365014,2.179979,0.431391,0.381,0.34949,-0.461894512,0,3002,Face-to-Face (HH)*,1000,1001,1001,Face-to-Face (HH)*,Face-to-Face (HH)*,Face-to-Face (HH)*,,Arabic,Arabic,Arabic,0,,,,,,,,3.4,,3.3,13.6,23.2
129,Mauritania,Sub-Saharan Africa,4.374599934,0.055093341,4.482583046,0.215966225,4.266616821,8.233919144,0.790819228,57.01017761,0.551522553,-0.106008142,0.746223509,1.972316742,0.539684892,0.123367828,1.113323569,0.254497231,0.425184816,0.097193989,0.185714483,0.042452907,0.128899664,0.029465475,0.122257635,0.027947158,1.85955739,0.42508056,-0.112759352,4.313615,0.663382,0.275558,2.119997,,0.36875,0.258394,-0.257354736,0,3100,Face-to-Face (HH)*,1100,1000,1000,Face-to-Face (HH)*,Face-to-Face (HH)*,Face-to-Face (HH)*,,"French, Poulaar, Hassanya ","French, Poulaar, Wolof, Hassanya, Soninke_ ","French, Poulaar, Wolof, Hassanya ",0,,,,,,,,4.4,,11.2,6.1,31.7
130,Sri Lanka,South Asia,4.327000141,0.053085525,4.431047916,0.20809555,4.222952366,9.389969826,0.825374067,67.20006561,0.837633669,0.081129618,0.859001756,1.972316742,0.897986948,0.207531065,1.19494009,0.276159013,0.792036712,0.183045224,0.528632462,0.12217066,0.252666146,0.058392914,0.049444564,0.011426985,0.611288548,0.14127306,-1.361028194,4.400223,0.831293,0.301279,2.35608,0.408002,0.3934,0.57613,0.119174004,0,3296,Face-to-Face (HH)*,1083,1109,1104,Face-to-Face (HH)*,Face-to-Face (HH)*,Face-to-Face (HH)*,,"Sinhala, Tamil ","Sinhala, Tamil ","Sinhala, Tamil ",0,,,,,,,,14.6,,2.8,8.5,22.4
131,Congo (Kinshasa),Sub-Saharan Africa,4.31099987,0.108998232,4.524636269,0.427272797,4.097363472,6.694256306,0.672159016,52.90000153,0.700793564,0.083637655,0.809403598,1.972316742,0.062487468,0.01449489,0.833055019,0.193239398,0.277212054,0.064303424,0.36462298,0.084579678,0.254324883,0.058994407,0.081466645,0.01889739,2.437864304,0.56549858,0.465547562,,,,,,,,-0.068546295,2,1000,Face-to-Face (HH)*,0,0,1000,,,Face-to-Face (HH)*,,,,"French, Lingala, Kikongo, Swahili, T shiluba ",0.34,,,0.34,,,,"Parts of the Equateur, North and South Kivu, Eastern Kasai, Katanga and Orientale provinces were excluded due to insecurity. The entire Western Kasai province was also excluded for security reasons. Geographic exclusions represent 34% of the estimated national population. ",5.7,DRC,13,3.3,28.5
132,Swaziland,Sub-Saharan Africa,4.308100224,0.07145194,4.448145866,0.280091285,4.168054581,9.16267395,0.770290196,51.18823624,0.646822274,-0.19920142,0.708263338,1.972316742,0.827539742,0.19208925,1.064835191,0.247170478,0.215585828,0.050041971,0.299935788,0.069621358,0.067264833,0.015613572,0.146765873,0.034067423,1.686207294,0.39140392,-0.286109448,4.211565,0.824355,0.252339,2.426093,0.732568,0.523,0.689549,-0.558956623,1,2110,Face-to-Face (HH)*,1110,1000,0,Face-to-Face (HH)*,Face-to-Face (HH)*,,,"Siswati, English ","Siswati, English ",,0,,,,,,,,13.3,,18.1,10,29.8
133,Myanmar,Southeast Asia,4.308000088,0.042949215,4.392180443,0.16836071,4.223819733,8.680481911,0.78440702,58.96171188,0.895075202,0.560663998,0.645124316,1.972316742,0.67809093,0.15740272,1.098178267,0.254916027,0.495443076,0.115005354,0.597478867,0.138690542,0.569813728,0.132268736,0.187530354,0.043530722,0.681462526,0.15818536,-1.290854216,4.410633,0.776951,0.30014,2.287041,0.424045,0.381,0.878753,-0.130941868,0,3700,Face-to-Face (HH)*,1100,1000,1600,Face-to-Face (HH)*,Face-to-Face (HH)*,Face-to-Face (HH)*,,Burmese,Burmese,Burmese,0.05,0.05,0.05,0.05,,"Chin and Kayah states, and portions of Kachin and Rakhine states, were excluded. The excluded areas represent less than 5% of the population. ","Chin, Kayah, and Kachin states were excluded. The excluded areas represent less than 5% of the population. ","Chin, Kayah, and Kachin states were excluded. The excluded areas represent less than 5% of the population. ",7.8,,4,3.5,24.6
134,Comoros,Sub-Saharan Africa,4.288599968,0.084340192,4.453906536,0.330613136,4.1232934,7.833630085,0.625662446,57.34901047,0.547612607,0.090008408,0.780622602,1.972316742,0.415620774,0.096912927,0.723232806,0.168640771,0.437383324,0.101987438,0.181028232,0.042211499,0.258538276,0.060285006,0.100048535,0.02332895,2.17276907,0.50663832,0.200452328,3.97282,0.747742,0.337494,2.882712,0.598218,0.506,0.317274,0.544444561,1,2000,Face-to-Face (HH)*,1000,1000,0,Face-to-Face (HH)*,Face-to-Face (HH)*,,,"French, Comorian ","French, Comorian ",,0,,,,Age,Sample included age 18 and older,,,6.8,,7.8,3.4,27.9
135,Togo,Sub-Saharan Africa,4.187200069,0.062506773,4.309713364,0.245026589,4.064686775,7.357711315,0.551312625,54.71989822,0.649828613,0.002667875,0.757733464,1.972316742,0.268116266,0.064032351,0.547622859,0.130784976,0.342731178,0.081852114,0.303539038,0.072492127,0.200774252,0.047949524,0.114826456,0.027423207,2.409595251,0.57546695,0.437278509,4.022895,0.608449,0.446454,2.11091,0.444904,0.437667,0.323221,1.314417362,0,3130,Face-to-Face (HH)*,1130,1000,1000,Face-to-Face (HH)*,Face-to-Face (HH)*,Face-to-Face (HH)*,,"French, Ewe ","French, Ewe, Kabiye ","French, Ewe, Kabiye ",0,,,,,,,,9.6,,9.2,5.1,28.9
136,Ethiopia,Sub-Saharan Africa,4.186200142,0.038915094,4.262473583,0.152546882,4.109926701,7.509385586,0.743307352,58.63959122,0.740795195,0.043377332,0.753690004,1.972316742,0.315125644,0.075277252,1.001103282,0.239143674,0.483846247,0.11558125,0.41256687,0.098554024,0.227698103,0.054392551,0.117437035,0.028053373,1.628459215,0.38900654,-0.343857527,4.379262,0.659521,0.271754,1.945811,0.440553,0.340333,0.875271,-0.374932289,0,4222,Face-to-Face (HH)*,2222,1000,1000,Face-to-Face (HH)*,Face-to-Face (HH)*,Face-to-Face (HH)*,,"Amharic, Oromo, Tigrinya ","Amharic, English, Oromo, Tigrinya ","Amharic, Oromo, Tigrinya ",0.02666666667,0.04,0.04,,,"Six of the nine zones of the Somali region (Degehabur, Warder, Korahe, Fik, Gode, Afder) were excluded due to accessibility, security issues, and nomadism. Additionally, in the Somali region, Liben Zone, Moyale and Dolo Ado Woreda were excluded because of security concerns. All the wordera in Benshangul region, Kamashi Zone were also excluded for security reasons. The exclusions represents 4% of the population of Ethiopia. ","Six of the nine zones of the Somali region (Degehabur, Warder, Korahe, Fik, Gode, Afder) were excluded due to accessibility, security issues, and nomadism. Additionally, in the Somali region, Liben Zone, Moyale and Dolo Ado Woreda were excluded because of security concerns. All the wordera in Benshangul region, Kamashi Zone were also excluded for security reasons. The exclusions represents 4% of the population of Ethiopia. ",,7.2,,7.5,4.8,30.3
137,Madagascar,Sub-Saharan Africa,4.165599823,0.057542104,4.278382301,0.225564956,4.052817345,7.281685829,0.668195903,59.10542679,0.557574093,-0.011823639,0.817485631,1.972316742,0.244553208,0.058707802,0.823694348,0.197737273,0.500617027,0.120178857,0.192967549,0.046324073,0.191190064,0.045897367,0.076248638,0.01830436,2.136298418,0.51284293,0.163981676,4.070587,0.752341,0.362014,2.574612,0.576086,0.43075,0.442306,-0.024873734,0,3000,Face-to-Face (HH)*,1000,1000,1000,Face-to-Face (HH)*,Face-to-Face (HH)*,Face-to-Face (HH)*,,"French, Malagasy ","French, Malagasy ","French, Malagasy ",0.2166666667,0.2,0.2,0.25,,Regions that were unsafe or unreachable were excluded from the sample. The excluded areas represent approximately 20% of the total population.,Regions that were unsafe or unreachable were excluded from the sample. The excluded areas represent approximately 20% of the total population.,Stratification by geography began in 2013. Regions that were unsafe or unreachable were excluded from the sample. The excluded areas represent approximately 25% of the total population.,3.9,,6.9,15,28.1
138,Egypt,Middle East and North Africa,4.151400089,0.035979424,4.221919537,0.141038895,4.080880642,9.316541672,0.735447824,61.78015137,0.708354175,-0.196878314,0.787726879,1.972316742,0.875228941,0.210827413,0.982539535,0.236676667,0.596911311,0.143785542,0.373684734,0.090014146,0.068801254,0.016573024,0.095461793,0.022995084,1.158818245,0.27913914,-0.813498497,4.005451,0.492261,0.285184,2.020606,0.323929,0.312,,-0.262059212,0,4070,Face-to-Face (HH)*,2070,1000,1000,Face-to-Face (HH)*,Face-to-Face (HH)*,Face-to-Face (HH)*,,Arabic,Arabic,Arabic,0.02,0.02,0.02,0.02,,"Frontier governorates (Matruh, Red Sea, New Valley, North Sinai, and South Sinai) were excluded, as they are remote and represent a small proportion of the population of the country. The excluded areas represent less than 2% of the total population. ","Frontier governorates (Matruh, Red Sea, New Valley, North Sinai, and South Sinai) were excluded, as they are remote and represent a small proportion of the population of the country. The excluded areas represent less than 2% of the total population. ","Frontier governorates (Matruh, Red Sea, New Valley, North Sinai, and South Sinai) were excluded, as they are remote and represent a small proportion of the population of the country. The excluded areas represent less than 2% of the total population. ",4,,3.8,5.4,25
139,Sierra Leone,Sub-Saharan Africa,3.926399946,0.061150789,4.046255589,0.239711285,3.806544304,7.26880312,0.636142015,50.86514282,0.715315044,0.088660747,0.861330688,1.972316742,0.240560383,0.061267417,0.747984946,0.190501466,0.203953966,0.051944267,0.382027686,0.097297191,0.257647008,0.065619145,0.047940936,0.012209896,2.046271801,0.52115725,0.073955059,4.305683,0.551628,0.466267,3.048084,0.690721,0.371,0.779726,0.048603058,0,3133,Face-to-Face (HH)*,1133,1000,1000,Face-to-Face (HH)*,Face-to-Face (HH)*,Face-to-Face (HH)*,,"English, Krio, Mende ","English, Krio, Mende ","English, Krio, Mende ",0,,,,,,,,9.7,,7.5,7.9,30.3
140,Burundi,Sub-Saharan Africa,3.775300026,0.107122384,3.98526001,0.419919968,3.565340042,6.492642403,0.490325719,53.40000153,0.626350224,-0.017551597,0.606934547,1.972316742,0,0,0.403575271,0.106898861,0.295212835,0.078195861,0.275399059,0.072947595,0.187401786,0.049638912,0.212186828,0.056203964,2.401507378,0.63611034,0.429190636,3.775283,0.666442,0.362767,2.815766,0.680813,0.36,,0.08827281,2,1000,Face-to-Face (HH)*,0,1000,0,,Face-to-Face (HH)*,,,,"French, Kirundi ",,0,,,,,,,,9.1,,6.3,8.5,29.2
141,Zambia,Sub-Saharan Africa,3.759399891,0.06067669,3.878326178,0.237852574,3.640473604,8.224720001,0.698824465,55.29937744,0.806500256,0.078037128,0.801289678,1.972316742,0.536833763,0.142797728,0.896037281,0.238345828,0.36359334,0.096715793,0.49131754,0.130690417,0.250620902,0.066665135,0.086705238,0.023063585,1.134339333,0.30173415,-0.837977409,4.041488,0.702698,0.350963,2.783419,0.619443,0.5274,0.606715,-1.240823507,0,3000,Face-to-Face (HH)*,1000,1000,1000,Face-to-Face (HH)*,Face-to-Face (HH)*,Face-to-Face (HH)*,,"Bemba, English, Lozi, Nyanja, T onga ","Bemba, English, Lozi, Nyanja, T onga ","Bemba, English, Lozi, Nyanja, T onga ",0,,,,,,,,6.1,,6.3,6.9,27.1
142,Haiti,Latin America and Caribbean,3.720799923,0.101463005,3.919667482,0.397735118,3.521932364,7.411329269,0.593247831,55.59862518,0.537825167,0.40053457,0.684767246,1.972316742,0.284734428,0.076525057,0.646671355,0.173799013,0.37436673,0.100614582,0.169297516,0.045500301,0.463909656,0.124680086,0.161935672,0.043521736,1.619916916,0.43536792,-0.352399826,3.614928,0.584113,0.35872,3.07673,0.669434,0.411,0.367897,-0.497993946,1,1004,Face-to-Face (HH)*,0,500,504,,Face-to-Face (HH)*,Face-to-Face (HH)*,,,Creole,Creole,0,,,,,,,,11.7,,19.9,5.2,24.5
143,Lesotho,Sub-Saharan Africa,3.652800083,0.082120985,3.813757181,0.321914196,3.491842985,7.960488319,0.780495703,48.00362396,0.738125861,-0.145732045,0.857392073,1.972316742,0.45493874,0.124545206,1.088940024,0.298111038,0.100934811,0.027632175,0.409367532,0.112069515,0.102627642,0.028095609,0.050483823,0.013820582,1.445513964,0.39572764,-0.526802778,,,,,,,,-1.2447083,1,2000,Face-to-Face (HH)*,1000,0,1000,Face-to-Face (HH)*,,Face-to-Face (HH)*,,"English, Sotho ",,"English, Sotho ",0,,,,,,,,21.2,,46.2,11.8,29
144,India,South Asia,3.573299885,0.027702235,3.627596378,0.108592987,3.519003391,8.849823952,0.592200935,60.21518707,0.881444871,0.057551607,0.772042692,1.972316742,0.730576158,0.204454197,0.644198656,0.180281162,0.54057014,0.151280373,0.581142247,0.162634614,0.237072483,0.066345532,0.105587982,0.029549152,0.734130859,0.20544899,-1.238185883,3.818069,0.657287,0.357458,2.212353,0.428206,0.351,0.753281,-1.216022491,0,12643,Face-to-Face (HH)*,6643,3000,3000,Face-to-Face (HH)*,Face-to-Face (HH)*,Face-to-Face (HH)*,,"Assamese, Bengali, Gujarati, Hindi, Kannada, Malayalam, Marathi, Odia, Punjabi, Tamil, T elugu ","Assamese, Bengali, Gujarati, Hindi, Kannada, Malayalam, Marathi, Odia, Punjabi, Tamil, T elugu ","Assamese, Bengali, Gujarati, Hindi, Kannada, Malayalam, Marathi, Odia, Punjabi, Tamil, T elugu ",0.1,0.1,0.1,0.1,,Excluded population living in Northeast states and remote islands. The excluded areas represent less than 10% of the population.,Excluded population living in Northeast states and remote islands. The excluded areas represent less than 10% of the population.,Excluded population living in Northeast states and remote islands. The excluded areas represent less than 10% of the population.,16.3,,3.9,3.4,25.8
145,Malawi,Sub-Saharan Africa,3.538000107,0.070260517,3.675710678,0.275421142,3.400289536,7.062226295,0.544007301,57.59288788,0.803223193,0.021433279,0.731700778,1.972316742,0.176534727,0.049896756,0.53036809,0.149906183,0.446163297,0.126106072,0.487389833,0.137758569,0.213185057,0.060255809,0.131633952,0.037205751,1.552718282,0.43886892,-0.41959846,3.334634,0.5863,0.364894,3.12834,0.70233,0.427,0.572985,-0.919982672,0,3000,Face-to-Face (HH)*,1000,1000,1000,Face-to-Face (HH)*,Face-to-Face (HH)*,Face-to-Face (HH)*,,"Chichewa, English, Tumbuka ","Chichewa, English, Tumbuka ","Chichewa, English, Tumbuka ",0,,,,,,,,3.7,,2.8,9.8,28.9
146,Yemen,Middle East and North Africa,3.527400017,0.054158084,3.633549929,0.212299824,3.421250105,7.759682655,0.817980587,56.72728348,0.599920273,-0.157735437,0.800287724,1.972316742,0.392701775,0.11132896,1.177477121,0.333808787,0.41500017,0.117650442,0.243721485,0.069093804,0.094689012,0.026843854,0.087352127,0.024763885,1.116472721,0.31651435,-0.855844021,3.057514,0.461114,0.31487,2.402008,0.448597,0.357,0.308151,-0.714911461,0,3140,Face-to-Face and Face- to-Face (HH)*,1140,1000,1000,Face-to-Face and Face- to-Face (HH)*,Face-to-Face (HH)*,Face-to-Face,Y,Arabic,Arabic,Arabic,0.5,0.5,0.5,0.5,Gender/Substituted area,"Gender-matched sampling was used during the final stage of selection. Al- Mahra, Sadah Governorate, and the island of Socotra were excluded due to their small size and remoteness. These excluded areas represent less than 4% of the population. In addition, due to the ongoing security situation, half the PSUs were replaced with a similar PSU in the same province. ","Gender-matched sampling was used during the final stage of selection. Al- Mahra, Sadah Governorate, and the island of Socotra were excluded due to their small size and remoteness. These excluded areas represent less than 4% of the population. In addition, due to the ongoing security situation, half the PSUs were replaced with a similar PSU in the same province. ","Gender-matched sampling was used during the final stage of selection. Due to the ongoing security situation, half the PSUs were replaced with a similar PSU in the same province. In addition, al-Mahra Governorate and the island of Socotra were excluded due to their small size and remoteness. Altogether, over 50% of the population was either substituted or excluded. ",8.5,,9.5,,30.7
147,Botswana,Sub-Saharan Africa,3.478899956,0.060542691,3.597563744,0.237327576,3.360236168,9.711203575,0.779121757,58.92445374,0.821328104,-0.250394493,0.777930915,1.972316742,0.997548997,0.286742651,1.08569479,0.312079911,0.494101733,0.142028152,0.50908941,0.146336318,0.033407487,0.009602888,0.101786368,0.029258205,0.257240534,0.07394307,-1.715076208,3.461366,0.729643,0.267084,2.637892,0.61616,0.626,0.718788,-0.8602283,0,3116,Face-to-Face (HH)*,1114,1002,1000,Face-to-Face (HH)*,Face-to-Face (HH)*,Face-to-Face (HH)*,,"English, Setswana ","English, Setswana ","English, Setswana ",0,,,,,,,,9.3,,17.3,14.3,29.6
148,Tanzania,Sub-Saharan Africa,3.476200104,0.06320975,3.600091219,0.24778223,3.352308989,7.967665195,0.688933194,57.49607468,0.82153976,0.109668687,0.619799435,1.972316742,0.457163125,0.131512316,0.872674644,0.251042695,0.442677855,0.127345332,0.509343088,0.146522948,0.27154091,0.078114292,0.203880861,0.058650496,0.718963385,0.20682451,-1.253353357,3.445023,0.762089,0.221005,2.665684,0.568629,0.384667,0.914648,-0.341953516,0,3000,Face-to-Face (HH)*,1000,1000,1000,Face-to-Face (HH)*,Face-to-Face (HH)*,Face-to-Face (HH)*,,"English, Swahili ","English, Swahili ","English, Swahili ",0,,,,,,,,5.4,,8.1,9.5,27.3
149,Central African Republic,Sub-Saharan Africa,3.475899935,0.115182951,3.701658487,0.451517105,3.250141382,6.625160217,0.319459856,45.20000076,0.640880644,0.082410358,0.891806662,1.972316742,0.041072082,0.011816244,0,0,0,0,0.292814463,0.084241338,0.253513217,0.072934556,0.028264718,0.008131626,2.860197544,0.82286533,0.887880802,,,,,,,,-0.147036552,2,1000,Face-to-Face (HH)*,0,0,1000,,,Face-to-Face (HH)*,,,,"French, Sangho ",0.4,,,0.4,,,,"Due to ongoing insecurity, the following prefectures were excluded: Ouham, Ouham-Pende, Nana-Gre_bizi, Bamingui-Bangoran, Haute-Kotto, Vakaga, Basse-Kotto, Haut-Mbomou and Mbomou. The geographic exclusions represent about 40% of the estimated national population. ",7.7,,22.9,5,31.2
150,Rwanda,Sub-Saharan Africa,3.312299967,0.052425209,3.415053368,0.205506802,3.209546566,7.600104332,0.54083544,61.09884644,0.900589406,0.055483952,0.183541179,1.972316742,0.343242675,0.103626688,0.522876322,0.157858988,0.572383285,0.172805389,0.604087889,0.182377168,0.235704988,0.07116052,0.485542476,0.146587713,0.548444986,0.1655783,-1.423871756,3.561047,0.793368,0.308199,2.33227,0.647506,0.482,0.98812,-0.642694473,0,3000,Face-to-Face (HH)*,1000,1000,1000,Face-to-Face (HH)*,Face-to-Face (HH)*,Face-to-Face (HH)*,,"English, French, Kinyarwanda ","English, Kinyarwanda ","French, Kinyarwanda ",0,,,,,,,,6.7,,4.5,8.9,26.7
151,Zimbabwe,Sub-Saharan Africa,3.299200058,0.058674462,3.414201975,0.230003834,3.184198141,7.865711689,0.763092756,55.61725998,0.711457908,-0.072063953,0.81023699,1.972316742,0.425564021,0.128990062,1.047835231,0.317602817,0.375037611,0.113675317,0.37740472,0.114392796,0.151349187,0.04587451,0.080928579,0.024529758,0.841031075,0.2549197,-1.131285667,3.61648,0.710119,0.211726,2.498696,0.541772,0.432,0.550508,-1.042173862,0,3082,Face-to-Face (HH)*,1082,1000,1000,Face-to-Face (HH)*,Face-to-Face (HH)*,Face-to-Face (HH)*,,"English, Shona, Ndebele ","English, Shona, Ndebele ","English, Shona, Ndebele ",0,,,,,,,,10.7,,12.9,15.2,28.2
152,South Sudan,Sub-Saharan Africa,2.816600084,0.107610404,3.027516365,0.421832561,2.605683804,7.425359726,0.553707123,51,0.451313615,0.016518548,0.763417304,1.972316742,0.289082974,0.102635435,0.553278506,0.196434882,0.208809033,0.074135137,0.065609254,0.023293777,0.209934607,0.074534758,0.111156799,0.039464885,1.378751278,0.48950907,-0.593565464,,,,,,,,,2,1000,Face-to-Face (HH)*,0,0,1000,,,Face-to-Face (HH)*,,,,"Arabic, Bari, Dinka, English, Juba Arabic, Nuer, Zande ",0.44,,,0.44,,,,"Parts of nine out of 10 states of South Sudan were excluded due to the countryÕs ongoing civil conflict and localized tribal clashes. The majority of Unity State and Upper Nile State were both excluded, as well as all of Jonglei State with the exception of Bor South County. The excluded areas represent 44% of South SudanÕs population. ",3.7,,15.9,2.1,
153,Afghanistan,South Asia,2.566900015,0.031311426,2.628270388,0.122740746,2.505529642,7.462860584,0.470366955,52.59000015,0.396573007,-0.0964294,0.933686554,1.972316742,0.30070585,0.117147473,0.356433839,0.138857703,0.266051531,0.103647018,0,0,0.135234714,0.05268406,0.001225785,0.000477535,1.507235646,0.58718128,-0.465081096,2.694303,0.424125,0.404904,1.408344,0.290681,,0.364666,-1.530384064,0,3127,Face-to-Face and Face- to-Face (HH)*,1127,1000,1000,Face-to-Face and Face- to-Face (HH)*,Face-to-Face,Face-to-Face,Y,"Dari, Pashto ","Dari, Pashto ","Dari, Pashto ",0,,,,Gender,Gender-matched sampling was used during the final stage of selection,Gender-matched sampling was used during the final stage of selection,Gender-matched sampling was used during the final stage of selection,4.7,,8.5,2.3,30.6
,AVERAGE,,5.473239863,,,,,,,,,,,,,,,,,,,,,,,,,,,,,,,,,,,,,,,,,,,,,,,,,,,,,,,,,,,,